annotation_record_id,source_row,composition,reference_id,reference_text,TC,process_route,thermal_state,phase_class,product_form,label_source,evidence_text,confidence,verification_status,descriptor_group_id,descriptor_group_n,descriptor_group_TC_range_K,review_notes,publication_mapping_status,target_audit_status,target_audit_note,model_eligibility
A001,2,GdTbDyHo,[1],"L. Wang, Z. Lu, Y. Wu, Y. Zhang, R. Zhao, S. Jiang, X. Liu, H. Wang, D. Ma, Z. Lu, Effect of Sc Addition on Magnetocaloric Properties of GdTbDyHo High-Entropy Alloys, Adv. Eng. Mater. 26 (2024). https://doi.org/10.1002/adem.202300616.",198.0,arc_melting+drop_casting,as_cast,single_phase_hcp,drop_cast_rod,uploaded_full_text,"DOI 10.1002/adem.202300616, uploaded PDF pp. 2, 7-8: The alloys were arc melted under Ar and drop cast into a cylindrical copper mould; XRD identifies the full Sc series as single-phase HCP.",confirmed,verified,DG001,1.0,0.0,,all_records_direct,verified_as_reported,The source explicitly reports the tabulated value as a Curie or magnetic transition temperature consistent with the dataset label.,eligible_process_phase_extension
A002,3,(GdTbDyHo)99.9Sc0.1,[1],"L. Wang, Z. Lu, Y. Wu, Y. Zhang, R. Zhao, S. Jiang, X. Liu, H. Wang, D. Ma, Z. Lu, Effect of Sc Addition on Magnetocaloric Properties of GdTbDyHo High-Entropy Alloys, Adv. Eng. Mater. 26 (2024). https://doi.org/10.1002/adem.202300616.",193.0,arc_melting+drop_casting,as_cast,single_phase_hcp,drop_cast_rod,uploaded_full_text,"DOI 10.1002/adem.202300616, uploaded PDF pp. 2, 7-8: The alloys were arc melted under Ar and drop cast into a cylindrical copper mould; XRD identifies the full Sc series as single-phase HCP.",confirmed,verified,DG002,1.0,0.0,,all_records_direct,verified_as_reported,The source explicitly reports the tabulated value as a Curie or magnetic transition temperature consistent with the dataset label.,eligible_process_phase_extension
A003,4,(GdTbDyHo)99.9Sc0.2,[1],"L. Wang, Z. Lu, Y. Wu, Y. Zhang, R. Zhao, S. Jiang, X. Liu, H. Wang, D. Ma, Z. Lu, Effect of Sc Addition on Magnetocaloric Properties of GdTbDyHo High-Entropy Alloys, Adv. Eng. Mater. 26 (2024). https://doi.org/10.1002/adem.202300616.",186.0,arc_melting+drop_casting,as_cast,single_phase_hcp,drop_cast_rod,uploaded_full_text,"DOI 10.1002/adem.202300616, uploaded PDF pp. 2, 7-8: The alloys were arc melted under Ar and drop cast into a cylindrical copper mould; XRD identifies the full Sc series as single-phase HCP.",confirmed,verified,DG003,1.0,0.0,,all_records_direct,verified_as_reported,The source explicitly reports the tabulated value as a Curie or magnetic transition temperature consistent with the dataset label.,eligible_process_phase_extension
A004,5,GdTbDyHo)99.9Sc0.3,[1],"L. Wang, Z. Lu, Y. Wu, Y. Zhang, R. Zhao, S. Jiang, X. Liu, H. Wang, D. Ma, Z. Lu, Effect of Sc Addition on Magnetocaloric Properties of GdTbDyHo High-Entropy Alloys, Adv. Eng. Mater. 26 (2024). https://doi.org/10.1002/adem.202300616.",181.0,arc_melting+drop_casting,as_cast,single_phase_hcp,drop_cast_rod,uploaded_full_text,"DOI 10.1002/adem.202300616, uploaded PDF pp. 2, 7-8: The alloys were arc melted under Ar and drop cast into a cylindrical copper mould; XRD identifies the full Sc series as single-phase HCP.",confirmed,verified,DG004,1.0,0.0,,all_records_direct,verified_as_reported,The source explicitly reports the tabulated value as a Curie or magnetic transition temperature consistent with the dataset label.,eligible_process_phase_extension
A005,6,(GdTbDyHo)99.9Sc0.4,[1],"L. Wang, Z. Lu, Y. Wu, Y. Zhang, R. Zhao, S. Jiang, X. Liu, H. Wang, D. Ma, Z. Lu, Effect of Sc Addition on Magnetocaloric Properties of GdTbDyHo High-Entropy Alloys, Adv. Eng. Mater. 26 (2024). https://doi.org/10.1002/adem.202300616.",181.0,arc_melting+drop_casting,as_cast,single_phase_hcp,drop_cast_rod,uploaded_full_text,"DOI 10.1002/adem.202300616, uploaded PDF pp. 2, 7-8: The alloys were arc melted under Ar and drop cast into a cylindrical copper mould; XRD identifies the full Sc series as single-phase HCP.",confirmed,verified,DG005,1.0,0.0,,all_records_direct,verified_as_reported,The source explicitly reports the tabulated value as a Curie or magnetic transition temperature consistent with the dataset label.,eligible_process_phase_extension
A006,7,(GdTbDyHo)99.9Sc0.5,[1],"L. Wang, Z. Lu, Y. Wu, Y. Zhang, R. Zhao, S. Jiang, X. Liu, H. Wang, D. Ma, Z. Lu, Effect of Sc Addition on Magnetocaloric Properties of GdTbDyHo High-Entropy Alloys, Adv. Eng. Mater. 26 (2024). https://doi.org/10.1002/adem.202300616.",176.0,arc_melting+drop_casting,as_cast,single_phase_hcp,drop_cast_rod,uploaded_full_text,"DOI 10.1002/adem.202300616, uploaded PDF pp. 2, 7-8: The alloys were arc melted under Ar and drop cast into a cylindrical copper mould; XRD identifies the full Sc series as single-phase HCP.",confirmed,verified,DG006,1.0,0.0,,all_records_direct,verified_as_reported,The source explicitly reports the tabulated value as a Curie or magnetic transition temperature consistent with the dataset label.,eligible_process_phase_extension
A007,8,Tb25.11Dy25.03Ho24.4Er 25.43,[2],"W.H. Zhu, L. Ma, M.F. He, Z.K. Li, H.Z. Zhang, Q.R. Yao, G.H. Rao, K.P. Su, X.C. Zhong, Z.W. Liu, X.Q. Gao, Large Refrigerant Capacity Induced by Table-Like Magnetocaloric Effect in High-Entropy Alloys TbDyHoEr, Adv. Eng. Mater. 25 (2023). https://doi.org/10.1002/adem.202201770.",160.0,arc_melting+induction_melt_spinning,as_cast_ingot,single_phase_hcp,ingot,uploaded_full_text,"DOI 10.1002/adem.202201770, uploaded PDF pp. 2, 6: The paper reports an arc-melted ingot and a ribbon ejected onto a Cu wheel at 25 m s-1; both are single-phase HCP and their measured compositions identify the two records.",confirmed,verified,DG007,1.0,0.0,The measured compositions printed in the source identify the ingot and ribbon records.,record_states_restored,verified_as_reported,The source explicitly reports the tabulated value as a Curie or magnetic transition temperature consistent with the dataset label.,eligible_process_phase_extension
A008,9,Tb23.58Dy25.05Ho25.03Er 26.34,[2],"W.H. Zhu, L. Ma, M.F. He, Z.K. Li, H.Z. Zhang, Q.R. Yao, G.H. Rao, K.P. Su, X.C. Zhong, Z.W. Liu, X.Q. Gao, Large Refrigerant Capacity Induced by Table-Like Magnetocaloric Effect in High-Entropy Alloys TbDyHoEr, Adv. Eng. Mater. 25 (2023). https://doi.org/10.1002/adem.202201770.",163.9,arc_melting+induction_melt_spinning,melt_spun_25m_s,single_phase_hcp,ribbon,uploaded_full_text,"DOI 10.1002/adem.202201770, uploaded PDF pp. 2, 6: The paper reports an arc-melted ingot and a ribbon ejected onto a Cu wheel at 25 m s-1; both are single-phase HCP and their measured compositions identify the two records.",confirmed,verified,DG008,1.0,0.0,The measured compositions printed in the source identify the ingot and ribbon records.,record_states_restored,verified_as_reported,The source explicitly reports the tabulated value as a Curie or magnetic transition temperature consistent with the dataset label.,eligible_process_phase_extension
A009,10,Gd20Ho20Er20Al20 Fe 20,[3],"W. Sheng, J.Q. Wang, G. Wang, J. Huo, X. Wang, R.W. Li, Amorphous microwires of high entropy alloys with large magnetocaloric effect, Intermetallics (Barking). 96 (2018) 79–83. https://doi.org/10.1016/j.intermet.2018.02.015.",55.0,melt_extraction,as_extracted,amorphous,microwire,uploaded_full_text,"DOI 10.1016/j.intermet.2018.02.015, uploaded PDF pp. 1-2: The study states that the microwires were fabricated by melt extraction; XRD/DSC confirm an amorphous structure.",confirmed,verified,DG009,1.0,0.0,,all_records_direct,verified_as_reported,The source explicitly reports the tabulated value as a Curie or magnetic transition temperature consistent with the dataset label.,eligible_process_phase_extension
A010,11,Gd20Ho20Er20Al20 Co 20,[3],"W. Sheng, J.Q. Wang, G. Wang, J. Huo, X. Wang, R.W. Li, Amorphous microwires of high entropy alloys with large magnetocaloric effect, Intermetallics (Barking). 96 (2018) 79–83. https://doi.org/10.1016/j.intermet.2018.02.015.",39.0,melt_extraction,as_extracted,amorphous,microwire,uploaded_full_text,"DOI 10.1016/j.intermet.2018.02.015, uploaded PDF pp. 1-2: The study states that the microwires were fabricated by melt extraction; XRD/DSC confirm an amorphous structure.",confirmed,verified,DG010,2.0,2.0,,all_records_direct,verified_as_reported,The source explicitly reports the tabulated value as a Curie or magnetic transition temperature consistent with the dataset label.,eligible_process_phase_extension
A011,12,Gd20Ho20Er20Al20 Ni 20,[3],"W. Sheng, J.Q. Wang, G. Wang, J. Huo, X. Wang, R.W. Li, Amorphous microwires of high entropy alloys with large magnetocaloric effect, Intermetallics (Barking). 96 (2018) 79–83. https://doi.org/10.1016/j.intermet.2018.02.015.",25.0,melt_extraction,as_extracted,amorphous,microwire,uploaded_full_text,"DOI 10.1016/j.intermet.2018.02.015, uploaded PDF pp. 1-2: The study states that the microwires were fabricated by melt extraction; XRD/DSC confirm an amorphous structure.",confirmed,verified,DG011,1.0,0.0,,all_records_direct,verified_as_reported,The source explicitly reports the tabulated value as a Curie or magnetic transition temperature consistent with the dataset label.,eligible_process_phase_extension
A012,13,GdTbHoEr,[4],"S.F. Lu, L. Ma, J. Wang, Y.S. Du, L. Li, J.T. Zhao, G.H. Rao, Effect of configuration entropy on magnetocaloric effect of rare earth high-entropy alloy, J. Alloys Compd. 874 (2021). https://doi.org/10.1016/j.jallcom.2021.159918.",190.0,arc_melting,as_cast,single_phase_hcp,ingot,uploaded_full_text,"DOI 10.1016/j.jallcom.2021.159918, uploaded PDF pp. 2-4: The alloys were arc melted under high-purity Ar and examined in the as-cast state; the rare-earth additions retain the HCP structure.",confirmed,verified,DG012,1.0,0.0,,all_records_direct,verified_as_reported,The source explicitly reports the tabulated value as a Curie or magnetic transition temperature consistent with the dataset label.,eligible_process_phase_extension
A013,14,GdTbHoErLa,[4],"S.F. Lu, L. Ma, J. Wang, Y.S. Du, L. Li, J.T. Zhao, G.H. Rao, Effect of configuration entropy on magnetocaloric effect of rare earth high-entropy alloy, J. Alloys Compd. 874 (2021). https://doi.org/10.1016/j.jallcom.2021.159918.",127.0,arc_melting,as_cast,single_phase_hcp,ingot,uploaded_full_text,"DOI 10.1016/j.jallcom.2021.159918, uploaded PDF pp. 2-4: The alloys were arc melted under high-purity Ar and examined in the as-cast state; the rare-earth additions retain the HCP structure.",confirmed,verified,DG013,1.0,0.0,,all_records_direct,verified_as_reported,The source explicitly reports the tabulated value as a Curie or magnetic transition temperature consistent with the dataset label.,eligible_process_phase_extension
A014,15,GdTbHoErLaY,[4],"S.F. Lu, L. Ma, J. Wang, Y.S. Du, L. Li, J.T. Zhao, G.H. Rao, Effect of configuration entropy on magnetocaloric effect of rare earth high-entropy alloy, J. Alloys Compd. 874 (2021). https://doi.org/10.1016/j.jallcom.2021.159918.",120.0,arc_melting,as_cast,single_phase_hcp,ingot,uploaded_full_text,"DOI 10.1016/j.jallcom.2021.159918, uploaded PDF pp. 2-4: The alloys were arc melted under high-purity Ar and examined in the as-cast state; the rare-earth additions retain the HCP structure.",confirmed,verified,DG014,1.0,0.0,,all_records_direct,verified_as_reported,The source explicitly reports the tabulated value as a Curie or magnetic transition temperature consistent with the dataset label.,eligible_process_phase_extension
A015,16,GdTbHoErPr,[4],"S.F. Lu, L. Ma, J. Wang, Y.S. Du, L. Li, J.T. Zhao, G.H. Rao, Effect of configuration entropy on magnetocaloric effect of rare earth high-entropy alloy, J. Alloys Compd. 874 (2021). https://doi.org/10.1016/j.jallcom.2021.159918.",135.0,arc_melting,as_cast,single_phase_hcp,ingot,uploaded_full_text,"DOI 10.1016/j.jallcom.2021.159918, uploaded PDF pp. 2-4: The alloys were arc melted under high-purity Ar and examined in the as-cast state; the rare-earth additions retain the HCP structure.",confirmed,verified,DG015,1.0,0.0,,all_records_direct,verified_as_reported,The source explicitly reports the tabulated value as a Curie or magnetic transition temperature consistent with the dataset label.,eligible_process_phase_extension
A016,17,Gd20Dy20Er20Ho20Tb20,[5],"Y. Yuan, Y. Wu, X. Tong, H. Zhang, H. Wang, X.J. Liu, L. Ma, H.L. Suo, Z.P. Lu, Rare-earth high-entropy alloys with giant magnetocaloric effect, Acta Mater. 125 (2017) 481–489. https://doi.org/10.1016/j.actamat.2016.12.021.",186.0,arc_melting+drop_casting,as_cast,single_phase_hcp,drop_cast_rod,uploaded_full_text,"DOI-checked full text, XRD phase assignment by composition (reference 5).",confirmed,verified,DG016,1.0,0.0,,composition_rule_required,verified_as_reported,The source explicitly reports the tabulated value as a Curie or magnetic transition temperature consistent with the dataset label.,eligible_process_phase_extension
A017,18,Gd25Er25Ho25Tb25,[5],"Y. Yuan, Y. Wu, X. Tong, H. Zhang, H. Wang, X.J. Liu, L. Ma, H.L. Suo, Z.P. Lu, Rare-earth high-entropy alloys with giant magnetocaloric effect, Acta Mater. 125 (2017) 481–489. https://doi.org/10.1016/j.actamat.2016.12.021.",139.0,arc_melting+drop_casting,as_cast,hcp_plus_trigonal,drop_cast_rod,uploaded_full_text,"DOI-checked full text, XRD phase assignment by composition (reference 5).",confirmed,verified,DG017,1.0,0.0,,composition_rule_required,verified_as_reported,The source explicitly reports the tabulated value as a Curie or magnetic transition temperature consistent with the dataset label.,eligible_process_phase_extension
A018,19,Dy25Er25Ho25Tb25,[5],"Y. Yuan, Y. Wu, X. Tong, H. Zhang, H. Wang, X.J. Liu, L. Ma, H.L. Suo, Z.P. Lu, Rare-earth high-entropy alloys with giant magnetocaloric effect, Acta Mater. 125 (2017) 481–489. https://doi.org/10.1016/j.actamat.2016.12.021.",52.0,arc_melting+drop_casting,as_cast,hcp_plus_trigonal,drop_cast_rod,uploaded_full_text,"DOI-checked full text, XRD phase assignment by composition (reference 5).",confirmed,verified,DG018,1.0,0.0,,composition_rule_required,verified_as_reported,The source explicitly reports the tabulated value as a Curie or magnetic transition temperature consistent with the dataset label.,eligible_process_phase_extension
A019,20,Er33.33Ho33.33Tb33.34,[5],"Y. Yuan, Y. Wu, X. Tong, H. Zhang, H. Wang, X.J. Liu, L. Ma, H.L. Suo, Z.P. Lu, Rare-earth high-entropy alloys with giant magnetocaloric effect, Acta Mater. 125 (2017) 481–489. https://doi.org/10.1016/j.actamat.2016.12.021.",88.0,arc_melting+drop_casting,as_cast,hcp_plus_trigonal,drop_cast_rod,uploaded_full_text,"DOI-checked full text, XRD phase assignment by composition (reference 5).",confirmed,verified,DG019,1.0,0.0,,composition_rule_required,verified_as_reported,The source explicitly reports the tabulated value as a Curie or magnetic transition temperature consistent with the dataset label.,eligible_process_phase_extension
A020,21,Gd10Tb10Dy10Ho10Er10Y10Ni10Co10Ag10Al10,[6],"J. Huo, J.Q. Wang, W.H. Wang, Denary high entropy metallic glass with large magnetocaloric effect, J. Alloys Compd. 776 (2019) 202–206. https://doi.org/10.1016/j.jallcom.2018.10.328.",29.0,arc_melting+melt_spinning,as_spun,single_phase_amorphous,ribbon,uploaded_full_text,"DOI 10.1016/j.jallcom.2018.10.328, uploaded PDF pp. 2: The ingot was arc melted and injected onto a spinning Cu roller; XRD shows a fully amorphous microstructure.",confirmed,verified,DG020,1.0,0.0,,all_records_direct,verified_as_reported,The source explicitly reports the tabulated value as a Curie or magnetic transition temperature consistent with the dataset label.,eligible_process_phase_extension
A021,26,Ho20Er20Co20Al20Gd20,[7],"J. Huo, L. Huo, J. Li, H. Men, X. Wang, A. Inoue, C. Chang, J.Q. Wang, R.W. Li, High-entropy bulk metallic glasses as promising magnetic refrigerants, J. Appl. Phys. 117 (2015). https://doi.org/10.1063/1.4908286.",37.0,arc_melting+suction_casting,as_cast,amorphous,rod,uploaded_full_text,"DOI 10.1063/1.4908286, uploaded PDF pp. 2-3: Arc-melted ingots were suction cast into 1 mm Cu-mould rods; XRD shows no crystalline peaks and confirms a fully amorphous structure.",confirmed,verified,DG010,2.0,2.0,,all_records_direct,verified_as_reported,The source explicitly reports the tabulated value as a Curie or magnetic transition temperature consistent with the dataset label.,eligible_process_phase_extension
A022,27,Ho20Er20Co20Al20Dy20,[7],"J. Huo, L. Huo, J. Li, H. Men, X. Wang, A. Inoue, C. Chang, J.Q. Wang, R.W. Li, High-entropy bulk metallic glasses as promising magnetic refrigerants, J. Appl. Phys. 117 (2015). https://doi.org/10.1063/1.4908286.",18.0,arc_melting+suction_casting,as_cast,amorphous,rod,uploaded_full_text,"DOI 10.1063/1.4908286, uploaded PDF pp. 2-3: Arc-melted ingots were suction cast into 1 mm Cu-mould rods; XRD shows no crystalline peaks and confirms a fully amorphous structure.",confirmed,verified,DG021,1.0,0.0,,all_records_direct,verified_as_reported,The source explicitly reports the tabulated value as a Curie or magnetic transition temperature consistent with the dataset label.,eligible_process_phase_extension
A023,28,Ho20Er20Co20Al20Tm20,[7],"J. Huo, L. Huo, J. Li, H. Men, X. Wang, A. Inoue, C. Chang, J.Q. Wang, R.W. Li, High-entropy bulk metallic glasses as promising magnetic refrigerants, J. Appl. Phys. 117 (2015). https://doi.org/10.1063/1.4908286.",9.0,arc_melting+suction_casting,as_cast,amorphous,rod,uploaded_full_text,"DOI 10.1063/1.4908286, uploaded PDF pp. 2-3: Arc-melted ingots were suction cast into 1 mm Cu-mould rods; XRD shows no crystalline peaks and confirms a fully amorphous structure.",confirmed,verified,DG022,1.0,0.0,,all_records_direct,verified_as_reported,The source explicitly reports the tabulated value as a Curie or magnetic transition temperature consistent with the dataset label.,eligible_process_phase_extension
A024,29,Gd25Co25Al25Y25,[8],"C.M. Pang, L. Chen, H. Xu, W. Guo, Z.W. Lv, J.T. Huo, M.J. Cai, B.L. Shen, X.L. Wang, C.C. Yuan, Effect of Dy, Ho, and Er substitution on the magnetocaloric properties of Gd-Co-Al-Y high entropy bulk metallic glasses, J. Alloys Compd. 827 (2020). https://doi.org/10.1016/j.jallcom.2020.154101.",39.0,unknown,unknown,amorphous,bulk_metallic_glass,publication_title,bulk metallic glass,candidate_only,full_text_required,DG023,1.0,0.0,,product_form_mapping_required,verified_as_reported,The source explicitly reports the tabulated value as a Curie or magnetic transition temperature consistent with the dataset label.,exclude_unverified_process_phase
A025,30,Gd25Co25Al25Y15Dy10,[8],"C.M. Pang, L. Chen, H. Xu, W. Guo, Z.W. Lv, J.T. Huo, M.J. Cai, B.L. Shen, X.L. Wang, C.C. Yuan, Effect of Dy, Ho, and Er substitution on the magnetocaloric properties of Gd-Co-Al-Y high entropy bulk metallic glasses, J. Alloys Compd. 827 (2020). https://doi.org/10.1016/j.jallcom.2020.154101.",44.0,unknown,unknown,amorphous,bulk_metallic_glass,publication_title,bulk metallic glass,candidate_only,full_text_required,DG024,1.0,0.0,,product_form_mapping_required,verified_as_reported,The source explicitly reports the tabulated value as a Curie or magnetic transition temperature consistent with the dataset label.,exclude_unverified_process_phase
A026,31,Gd25Co25Al25Y15Ho10,[8],"C.M. Pang, L. Chen, H. Xu, W. Guo, Z.W. Lv, J.T. Huo, M.J. Cai, B.L. Shen, X.L. Wang, C.C. Yuan, Effect of Dy, Ho, and Er substitution on the magnetocaloric properties of Gd-Co-Al-Y high entropy bulk metallic glasses, J. Alloys Compd. 827 (2020). https://doi.org/10.1016/j.jallcom.2020.154101.",41.0,unknown,unknown,amorphous,bulk_metallic_glass,publication_title,bulk metallic glass,candidate_only,full_text_required,DG025,2.0,0.0,,product_form_mapping_required,verified_as_reported,The source explicitly reports the tabulated value as a Curie or magnetic transition temperature consistent with the dataset label.,exclude_unverified_process_phase
A027,32,Gd25Co25Al25Y15Er10,[8],"C.M. Pang, L. Chen, H. Xu, W. Guo, Z.W. Lv, J.T. Huo, M.J. Cai, B.L. Shen, X.L. Wang, C.C. Yuan, Effect of Dy, Ho, and Er substitution on the magnetocaloric properties of Gd-Co-Al-Y high entropy bulk metallic glasses, J. Alloys Compd. 827 (2020). https://doi.org/10.1016/j.jallcom.2020.154101.",43.0,unknown,unknown,amorphous,bulk_metallic_glass,publication_title,bulk metallic glass,candidate_only,full_text_required,DG026,1.0,0.0,,product_form_mapping_required,verified_as_reported,The source explicitly reports the tabulated value as a Curie or magnetic transition temperature consistent with the dataset label.,exclude_unverified_process_phase
A028,33,Gd25Co25Al25Ho24Y1,[9],"C.M. Pang, C.C. Yuan, L. Chen, H. Xu, K. Guo, J.C. He, Y. Li, M.S. Wei, X.M. Wang, J.T. Huo, B.L. Shen, Effect of Yttrium addition on magnetocaloric properties of Gd-Co-Al-Ho high entropy metallic glasses, J. Non. Cryst. Solids 549 (2020). https://doi.org/10.1016/j.jnoncrysol.2020.120354.",51.0,arc_melting+melt_spinning,as_spun,amorphous,ribbon,uploaded_full_text,"DOI 10.1016/j.jnoncrysol.2020.120354, uploaded PDF pp. 2: Arc-melted ingots were remelted and injected onto a Cu roller; XRD confirms amorphous ribbons, and the reported TC values are assigned by composition.",confirmed,verified,DG027,1.0,0.0,,all_records_direct,verified_as_reported,The source explicitly reports the tabulated value as a Curie or magnetic transition temperature consistent with the dataset label.,eligible_process_phase_extension
A029,34,Gd25Co25Al25Ho20Y5,[9],"C.M. Pang, C.C. Yuan, L. Chen, H. Xu, K. Guo, J.C. He, Y. Li, M.S. Wei, X.M. Wang, J.T. Huo, B.L. Shen, Effect of Yttrium addition on magnetocaloric properties of Gd-Co-Al-Ho high entropy metallic glasses, J. Non. Cryst. Solids 549 (2020). https://doi.org/10.1016/j.jnoncrysol.2020.120354.",49.0,arc_melting+melt_spinning,as_spun,amorphous,ribbon,uploaded_full_text,"DOI 10.1016/j.jnoncrysol.2020.120354, uploaded PDF pp. 2: Arc-melted ingots were remelted and injected onto a Cu roller; XRD confirms amorphous ribbons, and the reported TC values are assigned by composition.",confirmed,verified,DG028,1.0,0.0,,all_records_direct,verified_as_reported,The source explicitly reports the tabulated value as a Curie or magnetic transition temperature consistent with the dataset label.,eligible_process_phase_extension
A030,35,Gd25Co25Al25Ho15Y10,[9],"C.M. Pang, C.C. Yuan, L. Chen, H. Xu, K. Guo, J.C. He, Y. Li, M.S. Wei, X.M. Wang, J.T. Huo, B.L. Shen, Effect of Yttrium addition on magnetocaloric properties of Gd-Co-Al-Ho high entropy metallic glasses, J. Non. Cryst. Solids 549 (2020). https://doi.org/10.1016/j.jnoncrysol.2020.120354.",47.0,arc_melting+melt_spinning,as_spun,amorphous,ribbon,uploaded_full_text,"DOI 10.1016/j.jnoncrysol.2020.120354, uploaded PDF pp. 2: Arc-melted ingots were remelted and injected onto a Cu roller; XRD confirms amorphous ribbons, and the reported TC values are assigned by composition.",confirmed,verified,DG029,1.0,0.0,,all_records_direct,verified_as_reported,The source explicitly reports the tabulated value as a Curie or magnetic transition temperature consistent with the dataset label.,eligible_process_phase_extension
A031,36,Gd25Co25Al25Ho10Y15,[9],"C.M. Pang, C.C. Yuan, L. Chen, H. Xu, K. Guo, J.C. He, Y. Li, M.S. Wei, X.M. Wang, J.T. Huo, B.L. Shen, Effect of Yttrium addition on magnetocaloric properties of Gd-Co-Al-Ho high entropy metallic glasses, J. Non. Cryst. Solids 549 (2020). https://doi.org/10.1016/j.jnoncrysol.2020.120354.",41.0,arc_melting+melt_spinning,as_spun,amorphous,ribbon,uploaded_full_text,"DOI 10.1016/j.jnoncrysol.2020.120354, uploaded PDF pp. 2: Arc-melted ingots were remelted and injected onto a Cu roller; XRD confirms amorphous ribbons, and the reported TC values are assigned by composition.",confirmed,verified,DG025,2.0,0.0,,all_records_direct,verified_as_reported,The source explicitly reports the tabulated value as a Curie or magnetic transition temperature consistent with the dataset label.,eligible_process_phase_extension
A032,37,Gd20Dy20Er20Co20Al20,[10],"L. Shao, Q. Wang, L. Xue, M. Zhu, A. Wang, J. Luan, K. Yin, Q. Luo, Q. Zeng, L. Sun, B. Shen, Effects of minor Si addition on structural heterogeneity and glass formation of GdDyErCoAl high-entropy bulk metallic glass, Journal of Materials Research and Technology 11 (2021) 378–391. https://doi.org/10.1016/j.jmrt.2021.01.035.",44.0,arc_melting+copper_mold_casting,as_cast,amorphous,bulk_metallic_glass,uploaded_full_text,"DOI 10.1016/j.jmrt.2021.01.035, uploaded PDF pp. 2: Master alloys were arc melted and copper-mould cast; the amorphous nature of the as-cast samples was checked by XRD.",confirmed,verified,DG030,1.0,0.0,,all_records_direct,verified_as_reported,The source explicitly reports the tabulated value as a Curie or magnetic transition temperature consistent with the dataset label.,eligible_process_phase_extension
A033,39,(Gd20Dy20Er20Co20Al20)Si0.5,[10],"L. Shao, Q. Wang, L. Xue, M. Zhu, A. Wang, J. Luan, K. Yin, Q. Luo, Q. Zeng, L. Sun, B. Shen, Effects of minor Si addition on structural heterogeneity and glass formation of GdDyErCoAl high-entropy bulk metallic glass, Journal of Materials Research and Technology 11 (2021) 378–391. https://doi.org/10.1016/j.jmrt.2021.01.035.",44.0,arc_melting+copper_mold_casting,as_cast,amorphous,bulk_metallic_glass,uploaded_full_text,"DOI 10.1016/j.jmrt.2021.01.035, uploaded PDF pp. 2: Master alloys were arc melted and copper-mould cast; the amorphous nature of the as-cast samples was checked by XRD.",confirmed,verified,DG031,1.0,0.0,,all_records_direct,verified_as_reported,The source explicitly reports the tabulated value as a Curie or magnetic transition temperature consistent with the dataset label.,eligible_process_phase_extension
A034,41,(Gd20Dy20Er20Co20Al20)Si1,[10],"L. Shao, Q. Wang, L. Xue, M. Zhu, A. Wang, J. Luan, K. Yin, Q. Luo, Q. Zeng, L. Sun, B. Shen, Effects of minor Si addition on structural heterogeneity and glass formation of GdDyErCoAl high-entropy bulk metallic glass, Journal of Materials Research and Technology 11 (2021) 378–391. https://doi.org/10.1016/j.jmrt.2021.01.035.",44.0,arc_melting+copper_mold_casting,as_cast,amorphous,bulk_metallic_glass,uploaded_full_text,"DOI 10.1016/j.jmrt.2021.01.035, uploaded PDF pp. 2: Master alloys were arc melted and copper-mould cast; the amorphous nature of the as-cast samples was checked by XRD.",confirmed,verified,DG032,1.0,0.0,,all_records_direct,verified_as_reported,The source explicitly reports the tabulated value as a Curie or magnetic transition temperature consistent with the dataset label.,eligible_process_phase_extension
A035,43,(Gd20Dy20Er20Co20Al20)Si3,[10],"L. Shao, Q. Wang, L. Xue, M. Zhu, A. Wang, J. Luan, K. Yin, Q. Luo, Q. Zeng, L. Sun, B. Shen, Effects of minor Si addition on structural heterogeneity and glass formation of GdDyErCoAl high-entropy bulk metallic glass, Journal of Materials Research and Technology 11 (2021) 378–391. https://doi.org/10.1016/j.jmrt.2021.01.035.",44.0,arc_melting+copper_mold_casting,as_cast,amorphous,bulk_metallic_glass,uploaded_full_text,"DOI 10.1016/j.jmrt.2021.01.035, uploaded PDF pp. 2: Master alloys were arc melted and copper-mould cast; the amorphous nature of the as-cast samples was checked by XRD.",confirmed,verified,DG033,1.0,0.0,,all_records_direct,verified_as_reported,The source explicitly reports the tabulated value as a Curie or magnetic transition temperature consistent with the dataset label.,eligible_process_phase_extension
A036,45,(Gd36Tb20Co20Al24)97Fe3(micro_100),[11],"H. Yin, J.Y. Law, Y. Huang, H. Shen, S. Jiang, S. Guo, V. Franco, J. Sun, Enhancing the magnetocaloric response of high-entropy metallic-glass by microstructural control, Sci. China Mater. 65 (2022) 1134–1142. https://doi.org/10.1007/s40843-021-1825-1.",98.0,arc_melting+suction_casting+melt_extraction,current_annealed_100e6_A_m-2_480s_air,amorphous_nanocrystalline,microwire,full_text_methods,"DOI 10.1007/s40843-021-1825-1, Methods: melt-extracted microwires; DC current annealing at 50, 75, or 100 x 10^6 A m-2 for 480 s in air; amorphous/nanocrystalline microstructure.",confirmed,verified,DG034,5.0,4.0,,record_states_restored,verified_as_reported,The source explicitly reports the tabulated value as a Curie or magnetic transition temperature consistent with the dataset label.,eligible_process_phase_extension
A037,46,(Gd36Tb20Co20Al24)97Fe3(micro_70),[11],"H. Yin, J.Y. Law, Y. Huang, H. Shen, S. Jiang, S. Guo, V. Franco, J. Sun, Enhancing the magnetocaloric response of high-entropy metallic-glass by microstructural control, Sci. China Mater. 65 (2022) 1134–1142. https://doi.org/10.1007/s40843-021-1825-1.",102.0,arc_melting+suction_casting+melt_extraction,current_annealed_75e6_A_m-2_480s_air,amorphous_nanocrystalline,microwire,full_text_methods,"DOI 10.1007/s40843-021-1825-1, Methods: melt-extracted microwires; DC current annealing at 50, 75, or 100 x 10^6 A m-2 for 480 s in air; amorphous/nanocrystalline microstructure.",confirmed,verified,DG034,5.0,4.0,Raw state label micro_70 maps to 75 x 10^6 A m-2 in the source; retain raw text for traceability and use the normalized thermal_state.,record_states_restored,verified_as_reported,The source explicitly reports the tabulated value as a Curie or magnetic transition temperature consistent with the dataset label.,eligible_process_phase_extension
A038,47,(Gd36Tb20Co20Al24)97Fe3(micro_50),[11],"H. Yin, J.Y. Law, Y. Huang, H. Shen, S. Jiang, S. Guo, V. Franco, J. Sun, Enhancing the magnetocaloric response of high-entropy metallic-glass by microstructural control, Sci. China Mater. 65 (2022) 1134–1142. https://doi.org/10.1007/s40843-021-1825-1.",102.0,arc_melting+suction_casting+melt_extraction,current_annealed_50e6_A_m-2_480s_air,amorphous_nanocrystalline,microwire,full_text_methods,"DOI 10.1007/s40843-021-1825-1, Methods: melt-extracted microwires; DC current annealing at 50, 75, or 100 x 10^6 A m-2 for 480 s in air; amorphous/nanocrystalline microstructure.",confirmed,verified,DG034,5.0,4.0,,record_states_restored,verified_as_reported,The source explicitly reports the tabulated value as a Curie or magnetic transition temperature consistent with the dataset label.,eligible_process_phase_extension
A039,48,(Gd36Tb20Co20Al24)97Fe3(as_cast),[11],"H. Yin, J.Y. Law, Y. Huang, H. Shen, S. Jiang, S. Guo, V. Franco, J. Sun, Enhancing the magnetocaloric response of high-entropy metallic-glass by microstructural control, Sci. China Mater. 65 (2022) 1134–1142. https://doi.org/10.1007/s40843-021-1825-1.",102.0,arc_melting+suction_casting+melt_extraction,as_cast,amorphous_nanocrystalline,microwire,full_text_methods,"DOI 10.1007/s40843-021-1825-1, Methods: melt-extracted microwires; DC current annealing at 50, 75, or 100 x 10^6 A m-2 for 480 s in air; amorphous/nanocrystalline microstructure.",confirmed,verified,DG034,5.0,4.0,,record_states_restored,verified_as_reported,The source explicitly reports the tabulated value as a Curie or magnetic transition temperature consistent with the dataset label.,eligible_process_phase_extension
A040,53,(Gd36Tb20Co20Al24)97Fe3(micro_100),[11],"H. Yin, J.Y. Law, Y. Huang, H. Shen, S. Jiang, S. Guo, V. Franco, J. Sun, Enhancing the magnetocaloric response of high-entropy metallic-glass by microstructural control, Sci. China Mater. 65 (2022) 1134–1142. https://doi.org/10.1007/s40843-021-1825-1.",99.0,arc_melting+suction_casting+melt_extraction,current_annealed_100e6_A_m-2_480s_air,amorphous_nanocrystalline,microwire,full_text_methods,"DOI 10.1007/s40843-021-1825-1, Methods: melt-extracted microwires; DC current annealing at 50, 75, or 100 x 10^6 A m-2 for 480 s in air; amorphous/nanocrystalline microstructure.",confirmed,verified,DG034,5.0,4.0,,record_states_restored,verified_as_reported,The source explicitly reports the tabulated value as a Curie or magnetic transition temperature consistent with the dataset label.,eligible_process_phase_extension
A041,57,V0.85FeCoNiCu1.15,[12],"B.G.F. Eggert, E.K. Delczeg-Czirjak, F. Maccari, S. Kumar, O. Gutfleisch, H. Fjellvåg, B.C. Hauback, C. Frommen, Exploring V-Fe-Co-Ni-Al and V-Fe-Co-Ni-Cu high entropy alloys for magnetocaloric applications, J. Alloys Compd. 921 (2022). https://doi.org/10.1016/j.jallcom.2022.166040.",329.0,arc_melting,as_cast,two_ccp_solid_solutions_plus_sigma,ingot,uploaded_full_text,"DOI 10.1016/j.jallcom.2022.166040, uploaded PDF pp. 2-5: The as-cast alloy was arc melted. XRD/SEM identify a principal ccp phase, a Cu-rich ccp phase and a sigma-type V-rich intermetallic.",confirmed,verified,DG035,1.0,0.0,,all_records_direct,verified_as_reported,The source explicitly reports the tabulated value as a Curie or magnetic transition temperature consistent with the dataset label.,eligible_process_phase_extension
A042,60,(MnNiSi)1-x(FeCoGe)x x=0.4,[13],"Z.G. Zheng, X.L. Chen, H.Y. Wang, S. Da, G. Wang, Z.G. Qiu, D.C. Zeng, Q.B. Xia, Giant magnetocaloric effects of MnNiSi-based high-entropy alloys near room temperature, J. Alloys Compd. 966 (2023). https://doi.org/10.1016/j.jallcom.2023.171483.",271.0,arc_melting+vacuum_annealing+water_quenching,annealed_1023K_72h_vacuum_water_quenched,single_phase_Ni2In_hexagonal,ingot,uploaded_full_text,"DOI-checked full text, Fig. 1/XRD (reference 13).",confirmed,verified,DG036,1.0,0.0,,composition_rule_required,verified_as_reported,The source explicitly reports the tabulated value as a Curie or magnetic transition temperature consistent with the dataset label.,eligible_process_phase_extension
A043,61,(MnNiSi)1-x(FeCoGe)x x=0.42,[13],"Z.G. Zheng, X.L. Chen, H.Y. Wang, S. Da, G. Wang, Z.G. Qiu, D.C. Zeng, Q.B. Xia, Giant magnetocaloric effects of MnNiSi-based high-entropy alloys near room temperature, J. Alloys Compd. 966 (2023). https://doi.org/10.1016/j.jallcom.2023.171483.",224.0,arc_melting+vacuum_annealing+water_quenching,annealed_1023K_72h_vacuum_water_quenched,single_phase_Ni2In_hexagonal,ingot,uploaded_full_text,"DOI-checked full text, Fig. 1/XRD (reference 13).",confirmed,verified,DG038,1.0,0.0,,composition_rule_required,verified_as_reported,The source explicitly reports the tabulated value as a Curie or magnetic transition temperature consistent with the dataset label.,eligible_process_phase_extension
A044,62,(MnNiSi)1-x(FeCoGe)x x=0.45,[13],"Z.G. Zheng, X.L. Chen, H.Y. Wang, S. Da, G. Wang, Z.G. Qiu, D.C. Zeng, Q.B. Xia, Giant magnetocaloric effects of MnNiSi-based high-entropy alloys near room temperature, J. Alloys Compd. 966 (2023). https://doi.org/10.1016/j.jallcom.2023.171483.",232.0,arc_melting+vacuum_annealing+water_quenching,annealed_1023K_72h_vacuum_water_quenched,single_phase_Ni2In_hexagonal,ingot,uploaded_full_text,"DOI-checked full text, Fig. 1/XRD (reference 13).",confirmed,verified,DG039,1.0,0.0,,composition_rule_required,verified_as_reported,The source explicitly reports the tabulated value as a Curie or magnetic transition temperature consistent with the dataset label.,eligible_process_phase_extension
A045,63,(MnNiSi)1-x(FeCoGe)x x=0.47,[13],"Z.G. Zheng, X.L. Chen, H.Y. Wang, S. Da, G. Wang, Z.G. Qiu, D.C. Zeng, Q.B. Xia, Giant magnetocaloric effects of MnNiSi-based high-entropy alloys near room temperature, J. Alloys Compd. 966 (2023). https://doi.org/10.1016/j.jallcom.2023.171483.",235.0,arc_melting+vacuum_annealing+water_quenching,annealed_1023K_72h_vacuum_water_quenched,single_phase_Ni2In_hexagonal,ingot,uploaded_full_text,"DOI-checked full text, Fig. 1/XRD (reference 13).",confirmed,verified,DG040,1.0,0.0,,composition_rule_required,verified_as_reported,The source explicitly reports the tabulated value as a Curie or magnetic transition temperature consistent with the dataset label.,eligible_process_phase_extension
A046,64,(MnNi)0.6Si1-y(FeCo)0.4Gey  y=0.36,[13],"Z.G. Zheng, X.L. Chen, H.Y. Wang, S. Da, G. Wang, Z.G. Qiu, D.C. Zeng, Q.B. Xia, Giant magnetocaloric effects of MnNiSi-based high-entropy alloys near room temperature, J. Alloys Compd. 966 (2023). https://doi.org/10.1016/j.jallcom.2023.171483.",327.6,arc_melting+vacuum_annealing+water_quenching,annealed_1023K_72h_vacuum_water_quenched,Ni2In_hexagonal_plus_TiNiSi_orthorhombic,ingot,uploaded_full_text,"DOI-checked full text, Fig. 8/XRD (reference 13).",confirmed,verified,DG041,1.0,0.0,,composition_rule_required,verified_as_reported,The source explicitly reports the tabulated value as a Curie or magnetic transition temperature consistent with the dataset label.,eligible_process_phase_extension
A047,65,(MnNi)0.6Si1-y(FeCo)0.4Gey  y=0.38,[13],"Z.G. Zheng, X.L. Chen, H.Y. Wang, S. Da, G. Wang, Z.G. Qiu, D.C. Zeng, Q.B. Xia, Giant magnetocaloric effects of MnNiSi-based high-entropy alloys near room temperature, J. Alloys Compd. 966 (2023). https://doi.org/10.1016/j.jallcom.2023.171483.",308.8,arc_melting+vacuum_annealing+water_quenching,annealed_1023K_72h_vacuum_water_quenched,Ni2In_hexagonal_plus_TiNiSi_orthorhombic,ingot,uploaded_full_text,"DOI-checked full text, Fig. 8/XRD (reference 13).",confirmed,verified,DG042,1.0,0.0,,composition_rule_required,verified_as_reported,The source explicitly reports the tabulated value as a Curie or magnetic transition temperature consistent with the dataset label.,eligible_process_phase_extension
A048,66,(MnNi)0.6Si1-y(FeCo)0.4Gey  y=0.4,[13],"Z.G. Zheng, X.L. Chen, H.Y. Wang, S. Da, G. Wang, Z.G. Qiu, D.C. Zeng, Q.B. Xia, Giant magnetocaloric effects of MnNiSi-based high-entropy alloys near room temperature, J. Alloys Compd. 966 (2023). https://doi.org/10.1016/j.jallcom.2023.171483.",271.3,arc_melting+vacuum_annealing+water_quenching,annealed_1023K_72h_vacuum_water_quenched,Ni2In_hexagonal_plus_TiNiSi_orthorhombic,ingot,uploaded_full_text,"DOI-checked full text, Fig. 8/XRD (reference 13).",confirmed,verified,DG037,1.0,0.0,,composition_rule_required,verified_as_reported,The source explicitly reports the tabulated value as a Curie or magnetic transition temperature consistent with the dataset label.,eligible_process_phase_extension
A049,67,(MnNi)0.6Si1-y(FeCo)0.4Gey  y=0.42,[13],"Z.G. Zheng, X.L. Chen, H.Y. Wang, S. Da, G. Wang, Z.G. Qiu, D.C. Zeng, Q.B. Xia, Giant magnetocaloric effects of MnNiSi-based high-entropy alloys near room temperature, J. Alloys Compd. 966 (2023). https://doi.org/10.1016/j.jallcom.2023.171483.",295.5,arc_melting+vacuum_annealing+water_quenching,annealed_1023K_72h_vacuum_water_quenched,Ni2In_hexagonal_plus_TiNiSi_orthorhombic,ingot,uploaded_full_text,"DOI-checked full text, Fig. 8/XRD (reference 13).",confirmed,verified,DG043,1.0,0.0,,composition_rule_required,verified_as_reported,The source explicitly reports the tabulated value as a Curie or magnetic transition temperature consistent with the dataset label.,eligible_process_phase_extension
A050,68,Gd 20 Tb 18 Dy 18 Co 20 Al 24,[14],"L. Shao, L. Xue, Q. Luo, K. Yin, Z. Yuan, M. Zhu, T. Liang, Q. Zeng, L. Sun, B. Shen, Heterogeneous GdTbDyCoAl high-entropy alloy with distinctive magnetocaloric effect induced by hydrogenation, J. Mater. Sci. Technol. 109 (2022) 147–156. https://doi.org/10.1016/j.jmst.2021.08.076.",59.0,arc_melting+copper_mold_casting+ball_milling+annealing,annealed_538K_150ks_0MPa,amorphous_matrix_plus_nanocrystals,powder,uploaded_full_text,"DOI-checked full text, hydrogen-free comparison condition (reference 14).",confirmed,verified,DG044,1.0,0.0,,record_states_restored,verified_as_reported,The source explicitly reports the tabulated value as a Curie or magnetic transition temperature consistent with the dataset label.,eligible_process_phase_extension
A051,74,(Gd 0.2 Tb 0.18 Dy 0.18 Co 0.2 Al 0.24 ) 43 H 57,[14],"L. Shao, L. Xue, Q. Luo, K. Yin, Z. Yuan, M. Zhu, T. Liang, Q. Zeng, L. Sun, B. Shen, Heterogeneous GdTbDyCoAl high-entropy alloy with distinctive magnetocaloric effect induced by hydrogenation, J. Mater. Sci. Technol. 109 (2022) 147–156. https://doi.org/10.1016/j.jmst.2021.08.076.",8.0,arc_melting+copper_mold_casting+ball_milling+hydrogenation,hydrogenated_538K_5MPa_150ks,amorphous_matrix_plus_nanocrystalline_dihydrides,powder,uploaded_full_text,"DOI-checked full text, hydrogenated condition (reference 14).",confirmed,verified,DG045,1.0,0.0,,record_states_restored,verified_as_reported,The source explicitly reports the tabulated value as a Curie or magnetic transition temperature consistent with the dataset label.,eligible_process_phase_extension
A052,80,CoCuFeMnNi,[15],"A. Perrin, M. Sorescu, M.T. Burton, D.E. Laughlin, M. McHenry, The Role of Compositional Tuning of the Distributed Exchange on Magnetocaloric Properties of High-Entropy Alloys, JOM 69 (2017) 2125–2129. https://doi.org/10.1007/s11837-017-2523-3.",395.0,arc_melting+melt_spinning,as_spun,single_phase_fcc,melt_spun_flakes,uploaded_full_text,"DOI 10.1007/s11837-017-2523-3, uploaded PDF pp. 2-4: Arc-melted ingots were melt spun at 40 m s-1, producing brittle crystalline flakes; XRD identifies a single FCC solid solution across the series.",confirmed,verified,DG046,1.0,0.0,,all_records_direct,verified_as_reported,The source explicitly reports the tabulated value as a Curie or magnetic transition temperature consistent with the dataset label.,eligible_process_phase_extension
A053,81,CoCu0.975FeMn1.025Ni,[15],"A. Perrin, M. Sorescu, M.T. Burton, D.E. Laughlin, M. McHenry, The Role of Compositional Tuning of the Distributed Exchange on Magnetocaloric Properties of High-Entropy Alloys, JOM 69 (2017) 2125–2129. https://doi.org/10.1007/s11837-017-2523-3.",321.0,arc_melting+melt_spinning,as_spun,single_phase_fcc,melt_spun_flakes,uploaded_full_text,"DOI 10.1007/s11837-017-2523-3, uploaded PDF pp. 2-4: Arc-melted ingots were melt spun at 40 m s-1, producing brittle crystalline flakes; XRD identifies a single FCC solid solution across the series.",confirmed,verified,DG047,1.0,0.0,,all_records_direct,verified_as_reported,The source explicitly reports the tabulated value as a Curie or magnetic transition temperature consistent with the dataset label.,eligible_process_phase_extension
A054,82,CoCu0.95FeMn1.05Ni,[15],"A. Perrin, M. Sorescu, M.T. Burton, D.E. Laughlin, M. McHenry, The Role of Compositional Tuning of the Distributed Exchange on Magnetocaloric Properties of High-Entropy Alloys, JOM 69 (2017) 2125–2129. https://doi.org/10.1007/s11837-017-2523-3.",297.0,arc_melting+melt_spinning,as_spun,single_phase_fcc,melt_spun_flakes,uploaded_full_text,"DOI 10.1007/s11837-017-2523-3, uploaded PDF pp. 2-4: Arc-melted ingots were melt spun at 40 m s-1, producing brittle crystalline flakes; XRD identifies a single FCC solid solution across the series.",confirmed,verified,DG048,1.0,0.0,,all_records_direct,verified_as_reported,The source explicitly reports the tabulated value as a Curie or magnetic transition temperature consistent with the dataset label.,eligible_process_phase_extension
A055,83,CoCu0.925FeMn1.075Ni,[15],"A. Perrin, M. Sorescu, M.T. Burton, D.E. Laughlin, M. McHenry, The Role of Compositional Tuning of the Distributed Exchange on Magnetocaloric Properties of High-Entropy Alloys, JOM 69 (2017) 2125–2129. https://doi.org/10.1007/s11837-017-2523-3.",279.0,arc_melting+melt_spinning,as_spun,single_phase_fcc,melt_spun_flakes,uploaded_full_text,"DOI 10.1007/s11837-017-2523-3, uploaded PDF pp. 2-4: Arc-melted ingots were melt spun at 40 m s-1, producing brittle crystalline flakes; XRD identifies a single FCC solid solution across the series.",confirmed,verified,DG049,1.0,0.0,,all_records_direct,verified_as_reported,The source explicitly reports the tabulated value as a Curie or magnetic transition temperature consistent with the dataset label.,eligible_process_phase_extension
A056,84,CoCu0.9FeMn1.1Ni,[15],"A. Perrin, M. Sorescu, M.T. Burton, D.E. Laughlin, M. McHenry, The Role of Compositional Tuning of the Distributed Exchange on Magnetocaloric Properties of High-Entropy Alloys, JOM 69 (2017) 2125–2129. https://doi.org/10.1007/s11837-017-2523-3.",264.0,arc_melting+melt_spinning,as_spun,single_phase_fcc,melt_spun_flakes,uploaded_full_text,"DOI 10.1007/s11837-017-2523-3, uploaded PDF pp. 2-4: Arc-melted ingots were melt spun at 40 m s-1, producing brittle crystalline flakes; XRD identifies a single FCC solid solution across the series.",confirmed,verified,DG050,1.0,0.0,,all_records_direct,verified_as_reported,The source explicitly reports the tabulated value as a Curie or magnetic transition temperature consistent with the dataset label.,eligible_process_phase_extension
A057,85,CoCuFe0.975Mn1.025Ni,[15],"A. Perrin, M. Sorescu, M.T. Burton, D.E. Laughlin, M. McHenry, The Role of Compositional Tuning of the Distributed Exchange on Magnetocaloric Properties of High-Entropy Alloys, JOM 69 (2017) 2125–2129. https://doi.org/10.1007/s11837-017-2523-3.",299.0,arc_melting+melt_spinning,as_spun,single_phase_fcc,melt_spun_flakes,uploaded_full_text,"DOI 10.1007/s11837-017-2523-3, uploaded PDF pp. 2-4: Arc-melted ingots were melt spun at 40 m s-1, producing brittle crystalline flakes; XRD identifies a single FCC solid solution across the series.",confirmed,verified,DG051,1.0,0.0,,all_records_direct,verified_as_reported,The source explicitly reports the tabulated value as a Curie or magnetic transition temperature consistent with the dataset label.,eligible_process_phase_extension
A058,86,CoCuFe0.95Mn1.05Ni,[15],"A. Perrin, M. Sorescu, M.T. Burton, D.E. Laughlin, M. McHenry, The Role of Compositional Tuning of the Distributed Exchange on Magnetocaloric Properties of High-Entropy Alloys, JOM 69 (2017) 2125–2129. https://doi.org/10.1007/s11837-017-2523-3.",292.0,arc_melting+melt_spinning,as_spun,single_phase_fcc,melt_spun_flakes,uploaded_full_text,"DOI 10.1007/s11837-017-2523-3, uploaded PDF pp. 2-4: Arc-melted ingots were melt spun at 40 m s-1, producing brittle crystalline flakes; XRD identifies a single FCC solid solution across the series.",confirmed,verified,DG052,1.0,0.0,,all_records_direct,verified_as_reported,The source explicitly reports the tabulated value as a Curie or magnetic transition temperature consistent with the dataset label.,eligible_process_phase_extension
A059,87,"(Fe,Mn,Ni) 66.7 (Ge 0.5 Si 0.5 ) 33.3",[16],"J.Y. Law, Á. Díaz-García, L.M. Moreno-Ramírez, V. Franco, Increased magnetocaloric response of FeMnNiGeSi high-entropy alloys, Acta Mater. 212 (2021). https://doi.org/10.1016/j.actamat.2021.116931.",138.0,arc_melting,as_cast,hcp_with_sem_detected_minority_phase,ingot,uploaded_full_text,"DOI 10.1016/j.actamat.2021.116931, uploaded PDF pp. 2-4: Room-temperature XRD is indexed as HCP, while SEM-EDX reveals a Si-depleted minority phase not resolved as a distinct XRD phase.",confirmed,verified,DG053,1.0,0.0,,all_records_direct,verified_as_reported,The source explicitly reports the tabulated value as a Curie or magnetic transition temperature consistent with the dataset label.,eligible_process_phase_extension
A060,88,"Fe,Mn,Ni) 66.7 (Ge 0.465 Si 0.535 ) 33.3",[16],"J.Y. Law, Á. Díaz-García, L.M. Moreno-Ramírez, V. Franco, Increased magnetocaloric response of FeMnNiGeSi high-entropy alloys, Acta Mater. 212 (2021). https://doi.org/10.1016/j.actamat.2021.116931.",178.0,arc_melting,as_cast,hcp_with_sem_detected_minority_phase,ingot,uploaded_full_text,"DOI 10.1016/j.actamat.2021.116931, uploaded PDF pp. 2-4: Room-temperature XRD is indexed as HCP, while SEM-EDX reveals a Si-depleted minority phase not resolved as a distinct XRD phase.",confirmed,verified,DG054,1.0,0.0,,all_records_direct,verified_as_reported,The source explicitly reports the tabulated value as a Curie or magnetic transition temperature consistent with the dataset label.,eligible_process_phase_extension
A061,89,"(Fe,Mn,Ni) 66.7 (Ge 0.45 Si 0.55 ) 33.3",[16],"J.Y. Law, Á. Díaz-García, L.M. Moreno-Ramírez, V. Franco, Increased magnetocaloric response of FeMnNiGeSi high-entropy alloys, Acta Mater. 212 (2021). https://doi.org/10.1016/j.actamat.2021.116931.",200.0,arc_melting,as_cast,hcp_with_sem_detected_minority_phase,ingot,uploaded_full_text,"DOI 10.1016/j.actamat.2021.116931, uploaded PDF pp. 2-4: Room-temperature XRD is indexed as HCP, while SEM-EDX reveals a Si-depleted minority phase not resolved as a distinct XRD phase.",confirmed,verified,DG055,1.0,0.0,,all_records_direct,verified_as_reported,The source explicitly reports the tabulated value as a Curie or magnetic transition temperature consistent with the dataset label.,eligible_process_phase_extension
A062,90,Fe30Co30Ni30Cr10,[17],"C.L. Lin, J.L. Lee, S.M. Kuo, M.Y. Li, L. Gan, H. Murakami, S. Mitani, S. Gorsse, A.C. Yeh, Investigation on the thermal expansion behavior of FeCoNi and Fe30Co30Ni30Cr10-xMnx high entropy alloys, Mater. Chem. Phys. 271 (2021). https://doi.org/10.1016/j.matchemphys.2021.124907.",651.0,arc_melting+annealing+water_quenching,annealed_1123K_30min_water_quenched,single_phase_fcc,ingot,uploaded_full_text,"DOI 10.1016/j.matchemphys.2021.124907, uploaded PDF pp. 2-4: Arc-melted samples were annealed at 1123 K for 30 min and water quenched; XRD/SEM report a single FCC phase.",confirmed,verified,DG056,1.0,0.0,,all_records_direct,verified_as_reported,The source explicitly reports the tabulated value as a Curie or magnetic transition temperature consistent with the dataset label.,eligible_process_phase_extension
A063,91,Fe30Co30Ni30Mn10,[17],"C.L. Lin, J.L. Lee, S.M. Kuo, M.Y. Li, L. Gan, H. Murakami, S. Mitani, S. Gorsse, A.C. Yeh, Investigation on the thermal expansion behavior of FeCoNi and Fe30Co30Ni30Cr10-xMnx high entropy alloys, Mater. Chem. Phys. 271 (2021). https://doi.org/10.1016/j.matchemphys.2021.124907.",736.0,arc_melting+annealing+water_quenching,annealed_1123K_30min_water_quenched,single_phase_fcc,ingot,uploaded_full_text,"DOI 10.1016/j.matchemphys.2021.124907, uploaded PDF pp. 2-4: Arc-melted samples were annealed at 1123 K for 30 min and water quenched; XRD/SEM report a single FCC phase.",confirmed,verified,DG057,1.0,0.0,,all_records_direct,verified_as_reported,The source explicitly reports the tabulated value as a Curie or magnetic transition temperature consistent with the dataset label.,eligible_process_phase_extension
A064,92,Fe30Co30Ni30Cr5Mn5,[17],"C.L. Lin, J.L. Lee, S.M. Kuo, M.Y. Li, L. Gan, H. Murakami, S. Mitani, S. Gorsse, A.C. Yeh, Investigation on the thermal expansion behavior of FeCoNi and Fe30Co30Ni30Cr10-xMnx high entropy alloys, Mater. Chem. Phys. 271 (2021). https://doi.org/10.1016/j.matchemphys.2021.124907.",651.0,arc_melting+annealing+water_quenching,annealed_1123K_30min_water_quenched,single_phase_fcc,ingot,uploaded_full_text,"DOI 10.1016/j.matchemphys.2021.124907, uploaded PDF pp. 2-4: Arc-melted samples were annealed at 1123 K for 30 min and water quenched; XRD/SEM report a single FCC phase.",confirmed,verified,DG058,1.0,0.0,,all_records_direct,verified_as_reported,The source explicitly reports the tabulated value as a Curie or magnetic transition temperature consistent with the dataset label.,eligible_process_phase_extension
A065,93,CoFeNiCr1.0Cu0.0,[18],"J. Harris, Z. Leong, P. Gong, J. Cornide, C. Pughe, T. Hansen, A. Quintana-Nedelcos, R. Rowan-Robinson, U. Dahlborg, M. Calvo-Dahlborg, R. Goodall, M. Rainforth, N. Morley, Investigation into the magnetic properties of CoFeNiCr yCu xalloys, J. Phys. D Appl. Phys. 54 (2021). https://doi.org/10.1088/1361-6463/ac1139.",113.0,arc_melting+suction_casting,as_cast,single_phase_fcc,suction_cast_rod,uploaded_full_text,"DOI-checked full text, XRD/SEM assignment by composition (reference 18).",confirmed,verified,DG059,2.0,10.0,,composition_rule_required,verified_as_reported,The source explicitly reports the tabulated value as a Curie or magnetic transition temperature consistent with the dataset label.,eligible_process_phase_extension
A066,94,CoFeNiCr1.0Cu0.5,[18],"J. Harris, Z. Leong, P. Gong, J. Cornide, C. Pughe, T. Hansen, A. Quintana-Nedelcos, R. Rowan-Robinson, U. Dahlborg, M. Calvo-Dahlborg, R. Goodall, M. Rainforth, N. Morley, Investigation into the magnetic properties of CoFeNiCr yCu xalloys, J. Phys. D Appl. Phys. 54 (2021). https://doi.org/10.1088/1361-6463/ac1139.",120.0,arc_melting+suction_casting,as_cast,fcc_with_cu_rich_segregation,suction_cast_rod,uploaded_full_text,"DOI-checked full text, XRD/SEM assignment by composition (reference 18).",confirmed,verified,DG061,1.0,0.0,,composition_rule_required,verified_as_reported,The source explicitly reports the tabulated value as a Curie or magnetic transition temperature consistent with the dataset label.,eligible_process_phase_extension
A067,95,CoFeNiCr1.0Cu1.0,[18],"J. Harris, Z. Leong, P. Gong, J. Cornide, C. Pughe, T. Hansen, A. Quintana-Nedelcos, R. Rowan-Robinson, U. Dahlborg, M. Calvo-Dahlborg, R. Goodall, M. Rainforth, N. Morley, Investigation into the magnetic properties of CoFeNiCr yCu xalloys, J. Phys. D Appl. Phys. 54 (2021). https://doi.org/10.1088/1361-6463/ac1139.",110.0,arc_melting+suction_casting,as_cast,dual_phase_fcc,suction_cast_rod,uploaded_full_text,"DOI-checked full text, XRD/SEM assignment by composition (reference 18).",confirmed,verified,DG062,1.0,0.0,,composition_rule_required,verified_as_reported,The source explicitly reports the tabulated value as a Curie or magnetic transition temperature consistent with the dataset label.,eligible_process_phase_extension
A068,96,CoFeNiCr0.8Cu1.0,[18],"J. Harris, Z. Leong, P. Gong, J. Cornide, C. Pughe, T. Hansen, A. Quintana-Nedelcos, R. Rowan-Robinson, U. Dahlborg, M. Calvo-Dahlborg, R. Goodall, M. Rainforth, N. Morley, Investigation into the magnetic properties of CoFeNiCr yCu xalloys, J. Phys. D Appl. Phys. 54 (2021). https://doi.org/10.1088/1361-6463/ac1139.",223.0,arc_melting+suction_casting,as_cast,fcc_with_cu_rich_segregation,suction_cast_rod,uploaded_full_text,"DOI-checked full text, XRD/SEM assignment by composition (reference 18).",confirmed,verified,DG063,1.0,0.0,,composition_rule_required,verified_as_reported,The source explicitly reports the tabulated value as a Curie or magnetic transition temperature consistent with the dataset label.,eligible_process_phase_extension
A069,97,Mn1.75Fe0.25CoNiGe1.6Si0.4,[19],"Y. Guo, T. Zhang, Z. Zhang, B. Chen, W. Guo, S. Pan, Y. Gong, Y. Bai, Y. Gong, J. Liu, X. Miao, F. Xu, Large reversible magnetocaloric effect in high-entropy MnFeCoNiGeSi system with low-hysteresis magnetostructural transformation, APL Mater. 10 (2022). https://doi.org/10.1063/5.0108367.",295.0,arc_melting,as_cast,temperature_dependent_hexagonal_orthorhombic_coexistence,ingot,uploaded_full_text,"DOI 10.1063/5.0108367, uploaded PDF pp. 2-5: The as-cast alloy was arc melted. Temperature-dependent diffraction shows hexagonal/orthorhombic coexistence near room temperature, predominantly orthorhombic at 200 K and predominantly hexagonal above 320 K.",confirmed,verified,DG064,1.0,0.0,,all_records_direct,verified_as_reported,The source explicitly reports the tabulated value as a Curie or magnetic transition temperature consistent with the dataset label.,eligible_process_phase_extension
A070,98,AlCrFeCoNiCu,[20],"S. Vorobiov, O. Pylypenko, Y. Bereznyak, I. Pazukha, E. Čižmár, M. Orendáč, V. Komanicky, Magnetic properties, magnetoresistive, and magnetocaloric effects of AlCrFeCoNiCu thin-film high-entropy alloys prepared by the co-evaporation technique, Appl. Phys. A Mater. Sci. Process. 127 (2021). https://doi.org/10.1007/s00339-020-04145-6.",295.0,magnetron_sputtering_mosaic_target+annealing,deposited_300K_then_annealed_700K_60min_ArH2,bcc_plus_fcc_after_annealing,thin_film,uploaded_full_text,"DOI 10.1007/s00339-020-04145-6, uploaded PDF pp. 2-5: The Experimental section specifies magnetron sputtering from a mosaic target at 300 K followed by 700 K/60 min Ar-H2 annealing; the annealed film contains BCC and FCC contributions.",confirmed,verified,DG065,1.0,0.0,,all_records_direct,target_semantics_review_required,"The dataset value 295 K is reported in the source as the maximum of -Delta S_M, not explicitly as TC; the paper separately discusses a blocking temperature near 325 K.",exclude_pending_target_review
A071,100,V0.85FeCoNiCu1.15,[21],"B.G.F. Eggert, E.K. Delczeg-Czirjak, B.C. Hauback, C. Frommen, Magnetic transitions in V-Fe-Co-Ni-Cu-based high entropy alloys, Materials Today Physics 35 (2023). https://doi.org/10.1016/j.mtphys.2023.101116.",297.0,arc_melting,as_cast,two_ccp_solid_solutions_plus_sigma,ingot,uploaded_full_text,"DOI 10.1016/j.mtphys.2023.101116, uploaded PDF pp. 1-5: The as-cast alloy was arc melted and is described as a three-phase system comprising a principal ccp solid solution, a Cu-rich ccp solid solution and a sigma intermetallic.",confirmed,verified,DG066,1.0,0.0,,all_records_direct,target_value_conflict_review_required,"The abstract reports 297 K, whereas the main text gives approximately 280 K; the same nominal composition is 329 K in reference 12.",exclude_pending_target_review
A072,102,GdTbDyHoErTmCoAl,[22],"L. Xue, L. Shao, B. Zhang, Z. Li, J. Cheng, B. Shen, Magnetic behaviors and magnetocaloric effects in rare earth high-entropy amorphous/nanocrystalline alloys, Journal of Rare Earths 42 (2024) 129–136. https://doi.org/10.1016/j.jre.2022.12.001.",35.0,arc_melting+melt_spinning,as_spun,fully_amorphous,ribbon,uploaded_full_text,"DOI-checked full text, XRD assignment for Al ribbon (reference 22).",confirmed,verified,DG067,1.0,0.0,,composition_rule_required,verified_as_reported,The source explicitly reports the tabulated value as a Curie or magnetic transition temperature consistent with the dataset label.,eligible_process_phase_extension
A073,103,GdTbDyHoErTmCoNi,[22],"L. Xue, L. Shao, B. Zhang, Z. Li, J. Cheng, B. Shen, Magnetic behaviors and magnetocaloric effects in rare earth high-entropy amorphous/nanocrystalline alloys, Journal of Rare Earths 42 (2024) 129–136. https://doi.org/10.1016/j.jre.2022.12.001.",40.0,arc_melting+melt_spinning,as_spun,amorphous_plus_hcp_nanocrystals,ribbon,uploaded_full_text,"DOI-checked full text, XRD assignment for Ni ribbon (reference 22).",confirmed,verified,DG068,1.0,0.0,,composition_rule_required,verified_as_reported,The source explicitly reports the tabulated value as a Curie or magnetic transition temperature consistent with the dataset label.,eligible_process_phase_extension
A074,104,GdTbHoEr,[23],"W.H. Zhu, L. Ma, M.F. He, S.F. Lu, Z.K. Li, G.H. Rao, L. Li, X.M. Li, C.Q. Yin, Magnetic properties and magnetocaloric effect of GdTbHoEr-based high-entropy alloy ribbons, Journal of Materials Science: Materials in Electronics 33 (2022) 25930–25938. https://doi.org/10.1007/s10854-022-09283-6.",190.0,arc_melting+induction_melt_spinning,as_spun,single_phase_hcp,ribbon,uploaded_full_text,"DOI 10.1007/s10854-022-09283-6, uploaded PDF pp. 2-4: Arc-melted master alloys were induction melt spun onto a Cu wheel at 29 m s-1; all three ribbons are single-phase HCP.",confirmed,verified,DG069,1.0,0.0,,all_records_direct,verified_as_reported,The source explicitly reports the tabulated value as a Curie or magnetic transition temperature consistent with the dataset label.,eligible_process_phase_extension
A075,105,GdTbHoErLa,[23],"W.H. Zhu, L. Ma, M.F. He, S.F. Lu, Z.K. Li, G.H. Rao, L. Li, X.M. Li, C.Q. Yin, Magnetic properties and magnetocaloric effect of GdTbHoEr-based high-entropy alloy ribbons, Journal of Materials Science: Materials in Electronics 33 (2022) 25930–25938. https://doi.org/10.1007/s10854-022-09283-6.",117.0,arc_melting+induction_melt_spinning,as_spun,single_phase_hcp,ribbon,uploaded_full_text,"DOI 10.1007/s10854-022-09283-6, uploaded PDF pp. 2-4: Arc-melted master alloys were induction melt spun onto a Cu wheel at 29 m s-1; all three ribbons are single-phase HCP.",confirmed,verified,DG070,1.0,0.0,,all_records_direct,verified_as_reported,The source explicitly reports the tabulated value as a Curie or magnetic transition temperature consistent with the dataset label.,eligible_process_phase_extension
A076,106,GdTbHoErLaY,[23],"W.H. Zhu, L. Ma, M.F. He, S.F. Lu, Z.K. Li, G.H. Rao, L. Li, X.M. Li, C.Q. Yin, Magnetic properties and magnetocaloric effect of GdTbHoEr-based high-entropy alloy ribbons, Journal of Materials Science: Materials in Electronics 33 (2022) 25930–25938. https://doi.org/10.1007/s10854-022-09283-6.",120.0,arc_melting+induction_melt_spinning,as_spun,single_phase_hcp,ribbon,uploaded_full_text,"DOI 10.1007/s10854-022-09283-6, uploaded PDF pp. 2-4: Arc-melted master alloys were induction melt spun onto a Cu wheel at 29 m s-1; all three ribbons are single-phase HCP.",confirmed,verified,DG071,1.0,0.0,,all_records_direct,verified_as_reported,The source explicitly reports the tabulated value as a Curie or magnetic transition temperature consistent with the dataset label.,eligible_process_phase_extension
A077,107,ScGdTbDyHo,[24],"S.A. Uporov, S.K. Estemirova, E. V. Sterkhov, I.A. Balyakin, A.A. Rempel, Magnetocaloric effect in ScGdTbDyHo high-entropy alloy: Impact of synthesis route, Intermetallics (Barking). 151 (2022). https://doi.org/10.1016/j.intermet.2022.107678.",144.0,arc_melting+state_specific_postprocessing,as_cast,hcp_with_minor_fcc_or_oxide,ingot,uploaded_full_text,"DOI 10.1016/j.intermet.2022.107678, uploaded PDF pp. 2-5: One master alloy was measured as cast, suction cast as a 3 mm rod, annealed at 1173 K for 2 h, or severely cold deformed. The four reported transition temperatures identify these states.",confirmed,verified,DG072,4.0,7.0,The four source states were restored from their distinct reported transition temperatures.,record_states_restored,verified_as_reported,The source explicitly reports the tabulated value as a Curie or magnetic transition temperature consistent with the dataset label.,eligible_process_phase_extension
A078,108,ScGdTbDyHo,[24],"S.A. Uporov, S.K. Estemirova, E. V. Sterkhov, I.A. Balyakin, A.A. Rempel, Magnetocaloric effect in ScGdTbDyHo high-entropy alloy: Impact of synthesis route, Intermetallics (Barking). 151 (2022). https://doi.org/10.1016/j.intermet.2022.107678.",143.0,arc_melting+state_specific_postprocessing,suction_cast_3mm_rapidly_quenched,single_phase_hcp,suction_cast_rod,uploaded_full_text,"DOI 10.1016/j.intermet.2022.107678, uploaded PDF pp. 2-5: One master alloy was measured as cast, suction cast as a 3 mm rod, annealed at 1173 K for 2 h, or severely cold deformed. The four reported transition temperatures identify these states.",confirmed,verified,DG072,4.0,7.0,The four source states were restored from their distinct reported transition temperatures.,record_states_restored,verified_as_reported,The source explicitly reports the tabulated value as a Curie or magnetic transition temperature consistent with the dataset label.,eligible_process_phase_extension
A079,109,ScGdTbDyHo,[24],"S.A. Uporov, S.K. Estemirova, E. V. Sterkhov, I.A. Balyakin, A.A. Rempel, Magnetocaloric effect in ScGdTbDyHo high-entropy alloy: Impact of synthesis route, Intermetallics (Barking). 151 (2022). https://doi.org/10.1016/j.intermet.2022.107678.",146.0,arc_melting+state_specific_postprocessing,annealed_1173K_2h_vacuum,hcp_with_minor_fcc_or_oxide,annealed_ingot,uploaded_full_text,"DOI 10.1016/j.intermet.2022.107678, uploaded PDF pp. 2-5: One master alloy was measured as cast, suction cast as a 3 mm rod, annealed at 1173 K for 2 h, or severely cold deformed. The four reported transition temperatures identify these states.",confirmed,verified,DG072,4.0,7.0,The four source states were restored from their distinct reported transition temperatures.,record_states_restored,verified_as_reported,The source explicitly reports the tabulated value as a Curie or magnetic transition temperature consistent with the dataset label.,eligible_process_phase_extension
A080,110,ScGdTbDyHo,[24],"S.A. Uporov, S.K. Estemirova, E. V. Sterkhov, I.A. Balyakin, A.A. Rempel, Magnetocaloric effect in ScGdTbDyHo high-entropy alloy: Impact of synthesis route, Intermetallics (Barking). 151 (2022). https://doi.org/10.1016/j.intermet.2022.107678.",139.0,arc_melting+state_specific_postprocessing,severely_cold_deformed,single_phase_hcp,cold_deformed_sample,uploaded_full_text,"DOI 10.1016/j.intermet.2022.107678, uploaded PDF pp. 2-5: One master alloy was measured as cast, suction cast as a 3 mm rod, annealed at 1173 K for 2 h, or severely cold deformed. The four reported transition temperatures identify these states.",confirmed,verified,DG072,4.0,7.0,The four source states were restored from their distinct reported transition temperatures.,record_states_restored,verified_as_reported,The source explicitly reports the tabulated value as a Curie or magnetic transition temperature consistent with the dataset label.,eligible_process_phase_extension
A081,111,LaFe10.8Cr0.2Si2,[25],"Y. Sun, W. Lv, Y. Liang, Y. Gao, W. Cui, Y. Yan, W. Zhao, Q. Zhang, X. Sang, Magnetocaloric properties of transition metal doped high entropy LaFe11Si2 alloys on Fe sites, Scr. Mater. 223 (2023). https://doi.org/10.1016/j.scriptamat.2022.115068.",219.0,arc_melting+vacuum_annealing+water_quenching,annealed_1323K_9d_vacuum_water_quenched,LaFeSi13_plus_alphaFe_or_La_rich_secondary,ingot,uploaded_full_text,"DOI-checked full text, XRD/EPMA assignment by composition (reference 25).",confirmed,verified,DG073,1.0,0.0,,composition_rule_required,verified_as_reported,The source explicitly reports the tabulated value as a Curie or magnetic transition temperature consistent with the dataset label.,eligible_process_phase_extension
A082,112,LaFe10Co0.5Ni0.5Si2,[25],"Y. Sun, W. Lv, Y. Liang, Y. Gao, W. Cui, Y. Yan, W. Zhao, Q. Zhang, X. Sang, Magnetocaloric properties of transition metal doped high entropy LaFe11Si2 alloys on Fe sites, Scr. Mater. 223 (2023). https://doi.org/10.1016/j.scriptamat.2022.115068.",285.0,arc_melting+vacuum_annealing+water_quenching,annealed_1323K_9d_vacuum_water_quenched,LaFeSi13_plus_alphaFe_or_La_rich_secondary,ingot,uploaded_full_text,"DOI-checked full text, XRD/EPMA assignment by composition (reference 25).",confirmed,verified,DG074,1.0,0.0,,composition_rule_required,verified_as_reported,The source explicitly reports the tabulated value as a Curie or magnetic transition temperature consistent with the dataset label.,eligible_process_phase_extension
A083,113,LaFe10.25Co0.25Ni0.25Cr0.25Si2,[25],"Y. Sun, W. Lv, Y. Liang, Y. Gao, W. Cui, Y. Yan, W. Zhao, Q. Zhang, X. Sang, Magnetocaloric properties of transition metal doped high entropy LaFe11Si2 alloys on Fe sites, Scr. Mater. 223 (2023). https://doi.org/10.1016/j.scriptamat.2022.115068.",247.0,arc_melting+vacuum_annealing+water_quenching,annealed_1323K_9d_vacuum_water_quenched,predominantly_single_phase_LaFeSi13,ingot,uploaded_full_text,"DOI-checked full text, XRD/EPMA assignment by composition (reference 25).",confirmed,verified,DG075,1.0,0.0,,composition_rule_required,verified_as_reported,The source explicitly reports the tabulated value as a Curie or magnetic transition temperature consistent with the dataset label.,eligible_process_phase_extension
A084,114,Mn27Cr7Ni33Ge25Si8,[26],"K. Sarlar, A. Tekgul, I. Kucuk, Magnetocaloric properties of rare-earth-free Mn27Cr7Ni33Ge25Si8 High-Entropy Alloy, IEEE Magn. Lett. 10 (2019). https://doi.org/10.1109/LMAG.2019.2955667.",412.0,arc_melting,as_cast,single_phase_orthorhombic_pnma,ingot,uploaded_full_text,"DOI 10.1109/LMAG.2019.2955667, uploaded PDF pp. 2-4: The alloy was arc melted under Ar and its diffraction pattern is indexed to the orthorhombic Pnma structure.",confirmed,verified,DG076,1.0,0.0,,all_records_direct,verified_as_reported,The source explicitly reports the tabulated value as a Curie or magnetic transition temperature consistent with the dataset label.,eligible_process_phase_extension
A085,118,Fe25Co25Ni25Mo5P10B10,[27],"K. Wu, C. Liu, Q. Li, J. Huo, M. Li, C. Chang, Y. Sun, Magnetocaloric effect of Fe25Co25Ni25Mo5P10B10 high-entropy bulk metallic glass, J. Magn. Magn. Mater. 489 (2019). https://doi.org/10.1016/j.jmmm.2019.165404.",560.0,torch_alloying+fluxing+J_quenching,as_quenched,amorphous,bulk_metallic_glass_rod,uploaded_full_text,"DOI 10.1016/j.jmmm.2019.165404, uploaded PDF pp. 1-2: The alloy was torch-alloyed under Ar, fluxed for 4 h under vacuum, then J-quenched into rods; XRD confirms amorphous samples.",confirmed,verified,DG077,1.0,0.0,,all_records_direct,verified_as_reported,The source explicitly reports the tabulated value as a Curie or magnetic transition temperature consistent with the dataset label.,eligible_process_phase_extension
A086,121,GdTbHoErY,[28],"S.F. Lu, L. Ma, G.H. Rao, J. Wang, Y.S. Du, L. Li, J.T. Zhao, X.C. Zhong, Z.W. Liu, Magnetocaloric effect of high-entropy rare-earth alloy GdTbHoErY, Journal of Materials Science: Materials in Electronics 32 (2021) 10919–10926. https://doi.org/10.1007/s10854-021-05749-1.",163.0,arc_melting,as_cast,single_phase_hcp,ingot,uploaded_full_text,"DOI 10.1007/s10854-021-05749-1, uploaded PDF pp. 2: The as-cast alloy was arc melted; XRD/Rietveld analysis identifies a homogeneous single-phase HCP structure.",confirmed,verified,DG079,1.0,0.0,,all_records_direct,verified_as_reported,The source explicitly reports the tabulated value as a Curie or magnetic transition temperature consistent with the dataset label.,eligible_process_phase_extension
A087,125,Fe26.7Ni26.7Ga15.6Mn20Si11,[29],"K. Sarlar, A. Tekgül, I. Kucuk, Magnetocaloric properties in a FeNiGaMnSi high entropy alloy, Current Applied Physics 20 (2020) 18–22. https://doi.org/10.1016/j.cap.2019.09.019.",322.0,arc_melting+suction_casting,as_quenched,single_phase_bcc,suction_cast_rod,full_text_methods_and_table,DOI 10.1016/j.cap.2019.09.019: arc-melted and suction-cast rod; Table 2 assigns TC=322 K to as-quenched and TC=334 K to the 700 K/1 h Ar-annealed condition; both states are BCC.,confirmed,verified,DG080,2.0,12.0,The raw composition string omits state; thermal_state was restored from the source table using the reported TC value.,record_states_restored,verified_as_reported,The source explicitly reports the tabulated value as a Curie or magnetic transition temperature consistent with the dataset label.,eligible_process_phase_extension
A088,126,Fe26.7Ni26.7Ga15.6Mn20Si11,[29],"K. Sarlar, A. Tekgül, I. Kucuk, Magnetocaloric properties in a FeNiGaMnSi high entropy alloy, Current Applied Physics 20 (2020) 18–22. https://doi.org/10.1016/j.cap.2019.09.019.",334.0,arc_melting+suction_casting,annealed_700K_1h_Ar_slow_cooled,single_phase_bcc,suction_cast_rod,full_text_methods_and_table,DOI 10.1016/j.cap.2019.09.019: arc-melted and suction-cast rod; Table 2 assigns TC=322 K to as-quenched and TC=334 K to the 700 K/1 h Ar-annealed condition; both states are BCC.,confirmed,verified,DG080,2.0,12.0,The raw composition string omits state; thermal_state was restored from the source table using the reported TC value.,record_states_restored,verified_as_reported,The source explicitly reports the tabulated value as a Curie or magnetic transition temperature consistent with the dataset label.,eligible_process_phase_extension
A089,127,Al0.44Cr0.25MnFeCo0.05Ni0.2,[30],"S. Huang, Z. Dong, W. Mu, V. Ström, G. Chai, L.K. Varga, O. Eriksson, L. Vitos, Magnetocaloric properties of melt-spun MnFe-rich high-entropy alloy, Appl. Phys. Lett. 119 (2021). https://doi.org/10.1063/5.0065067.",340.0,arc_melting+melt_spinning,as_spun,single_phase_bcc,ribbon,uploaded_full_text,"DOI 10.1063/5.0065067, uploaded PDF pp. 3-4: The arc-melted ingot was remelted onto a Cu roller; XRD identifies the melt-spun alloy as a disordered BCC solid solution.",confirmed,verified,DG081,1.0,0.0,,all_records_direct,verified_as_reported,The source explicitly reports the tabulated value as a Curie or magnetic transition temperature consistent with the dataset label.,eligible_process_phase_extension
A090,128,Mn22.3Fe22.2Ni22.2Ge16.65Si16.65,[31],"J.Y. Law, L.M. Moreno-Ramírez, Á. Díaz-García, A. Martín-Cid, S. Kobayashi, S. Kawaguchi, T. Nakamura, V. Franco, MnFeNiGeSi high-entropy alloy with large magnetocaloric effect, J. Alloys Compd. 855 (2021). https://doi.org/10.1016/j.jallcom.2020.157424.",137.0,arc_melting,as_cast,single_phase_hcp,ingot,uploaded_full_text,"DOI 10.1016/j.jallcom.2020.157424, uploaded PDF pp. 2: The alloy was arc melted under Ar; room-temperature XRD identifies a single HCP phase.",confirmed,verified,DG082,1.0,0.0,,all_records_direct,verified_as_reported,The source explicitly reports the tabulated value as a Curie or magnetic transition temperature consistent with the dataset label.,eligible_process_phase_extension
A091,133,Mn0.94Cr0.3Fe0.5Co0.2Ni0.5Al0.3,[32],"Z. Dong, S. Huang, V. Ström, G. Chai, L.K. Varga, O. Eriksson, L. Vitos, MnxCr0.3Fe0.5Co0.2Ni0.5Al0.3 high entropy alloys for magnetocaloric refrigeration near room temperature, J. Mater. Sci. Technol. 79 (2021) 15–20. https://doi.org/10.1016/j.jmst.2020.10.071.",321.0,arc_melting,as_cast,dual_phase_bcc_fcc,ingot,uploaded_full_text,"DOI 10.1016/j.jmst.2020.10.071, uploaded PDF pp. 1-2: Samples were made in an arc furnace under Ar; XRD shows a duplex BCC+FCC solid-solution structure.",confirmed,verified,DG083,1.0,0.0,,all_records_direct,verified_as_reported,The source explicitly reports the tabulated value as a Curie or magnetic transition temperature consistent with the dataset label.,eligible_process_phase_extension
A092,134,(Gd36Tb20Co20Al24)99Fe1,[33],"J.Y. Law, V. Franco, Review on magnetocaloric high-entropy alloys: Design and analysis methods, J. Mater. Res. 38 (2023) 37–51. https://doi.org/10.1557/s43578-022-00712-0.",94.0,unknown,unknown,unknown,unspecified,none,,unverified,full_text_required,DG084,1.0,0.0,,secondary_review_original_sources_required,secondary_source_traceback_required,Each record must be checked against its original primary publication before model-ready use.,exclude_pending_target_review
A093,135,Gd18Ho22Tm20Cu22Al18,[33],"J.Y. Law, V. Franco, Review on magnetocaloric high-entropy alloys: Design and analysis methods, J. Mater. Res. 38 (2023) 37–51. https://doi.org/10.1557/s43578-022-00712-0.",33.6,unknown,unknown,unknown,unspecified,none,,unverified,full_text_required,DG085,1.0,0.0,,secondary_review_original_sources_required,secondary_source_traceback_required,Each record must be checked against its original primary publication before model-ready use.,exclude_pending_target_review
A094,136,Gd36Tb20Co20Al24,[33],"J.Y. Law, V. Franco, Review on magnetocaloric high-entropy alloys: Design and analysis methods, J. Mater. Res. 38 (2023) 37–51. https://doi.org/10.1557/s43578-022-00712-0.",81.0,unknown,unknown,unknown,unspecified,none,,unverified,full_text_required,DG086,1.0,0.0,,secondary_review_original_sources_required,secondary_source_traceback_required,Each record must be checked against its original primary publication before model-ready use.,exclude_pending_target_review
A095,137,Gd19Tb19Er18Fe19Al25,[33],"J.Y. Law, V. Franco, Review on magnetocaloric high-entropy alloys: Design and analysis methods, J. Mater. Res. 38 (2023) 37–51. https://doi.org/10.1557/s43578-022-00712-0.",97.0,unknown,unknown,unknown,unspecified,none,,unverified,full_text_required,DG087,1.0,0.0,,secondary_review_original_sources_required,secondary_source_traceback_required,Each record must be checked against its original primary publication before model-ready use.,exclude_pending_target_review
A096,138,(Gd36Tb20Co20Al24)98Fe2,[33],"J.Y. Law, V. Franco, Review on magnetocaloric high-entropy alloys: Design and analysis methods, J. Mater. Res. 38 (2023) 37–51. https://doi.org/10.1557/s43578-022-00712-0.",100.0,unknown,unknown,unknown,unspecified,none,,unverified,full_text_required,DG088,1.0,0.0,,secondary_review_original_sources_required,secondary_source_traceback_required,Each record must be checked against its original primary publication before model-ready use.,exclude_pending_target_review
A097,139,Fe24.1Co24.1Ni24.1Cr27.7,[33],"J.Y. Law, V. Franco, Review on magnetocaloric high-entropy alloys: Design and analysis methods, J. Mater. Res. 38 (2023) 37–51. https://doi.org/10.1557/s43578-022-00712-0.",36.0,unknown,unknown,unknown,unspecified,none,,unverified,full_text_required,DG089,1.0,0.0,,secondary_review_original_sources_required,secondary_source_traceback_required,Each record must be checked against its original primary publication before model-ready use.,exclude_pending_target_review
A098,140,Fe24.39Co24.39Ni24.39Cr26.83,[33],"J.Y. Law, V. Franco, Review on magnetocaloric high-entropy alloys: Design and analysis methods, J. Mater. Res. 38 (2023) 37–51. https://doi.org/10.1557/s43578-022-00712-0.",48.0,unknown,unknown,unknown,unspecified,none,,unverified,full_text_required,DG090,1.0,0.0,,secondary_review_original_sources_required,secondary_source_traceback_required,Each record must be checked against its original primary publication before model-ready use.,exclude_pending_target_review
A099,141,Fe25.64Co25.64Ni25.64Cr23.08,[33],"J.Y. Law, V. Franco, Review on magnetocaloric high-entropy alloys: Design and analysis methods, J. Mater. Res. 38 (2023) 37–51. https://doi.org/10.1557/s43578-022-00712-0.",171.0,unknown,unknown,unknown,unspecified,none,,unverified,full_text_required,DG091,1.0,0.0,,secondary_review_original_sources_required,secondary_source_traceback_required,Each record must be checked against its original primary publication before model-ready use.,exclude_pending_target_review
A100,142,Fe24.69Co24.69Ni24.69Cr25.93,[33],"J.Y. Law, V. Franco, Review on magnetocaloric high-entropy alloys: Design and analysis methods, J. Mater. Res. 38 (2023) 37–51. https://doi.org/10.1557/s43578-022-00712-0.",65.0,unknown,unknown,unknown,unspecified,none,,unverified,full_text_required,DG093,1.0,0.0,,secondary_review_original_sources_required,secondary_source_traceback_required,Each record must be checked against its original primary publication before model-ready use.,exclude_pending_target_review
A101,143,FeCoNiCr,[33],"J.Y. Law, V. Franco, Review on magnetocaloric high-entropy alloys: Design and analysis methods, J. Mater. Res. 38 (2023) 37–51. https://doi.org/10.1557/s43578-022-00712-0.",100.0,unknown,unknown,unknown,unspecified,none,,unverified,full_text_required,DG060,1.0,0.0,,secondary_review_original_sources_required,secondary_source_traceback_required,Each record must be checked against its original primary publication before model-ready use.,exclude_pending_target_review
A102,144,Fe25.3Co25.3Ni25.3Cr24.1,[33],"J.Y. Law, V. Franco, Review on magnetocaloric high-entropy alloys: Design and analysis methods, J. Mater. Res. 38 (2023) 37–51. https://doi.org/10.1557/s43578-022-00712-0.",131.0,unknown,unknown,unknown,unspecified,none,,unverified,full_text_required,DG094,1.0,0.0,,secondary_review_original_sources_required,secondary_source_traceback_required,Each record must be checked against its original primary publication before model-ready use.,exclude_pending_target_review
A103,145,Fe25.64Co25.64Ni25.64Cr23.08,[33],"J.Y. Law, V. Franco, Review on magnetocaloric high-entropy alloys: Design and analysis methods, J. Mater. Res. 38 (2023) 37–51. https://doi.org/10.1557/s43578-022-00712-0.",148.0,unknown,unknown,unknown,unspecified,none,,unverified,full_text_required,DG092,1.0,0.0,,secondary_review_original_sources_required,secondary_source_traceback_required,Each record must be checked against its original primary publication before model-ready use.,exclude_pending_target_review
A104,146,FeCoNi1.5Cr0.5Al,[33],"J.Y. Law, V. Franco, Review on magnetocaloric high-entropy alloys: Design and analysis methods, J. Mater. Res. 38 (2023) 37–51. https://doi.org/10.1557/s43578-022-00712-0.",150.0,unknown,unknown,unknown,unspecified,none,,unverified,full_text_required,DG095,1.0,0.0,,secondary_review_original_sources_required,secondary_source_traceback_required,Each record must be checked against its original primary publication before model-ready use.,exclude_pending_target_review
A105,147,Fe26Co26Ni26Cr22,[33],"J.Y. Law, V. Franco, Review on magnetocaloric high-entropy alloys: Design and analysis methods, J. Mater. Res. 38 (2023) 37–51. https://doi.org/10.1557/s43578-022-00712-0.",193.0,unknown,unknown,unknown,unspecified,none,,unverified,full_text_required,DG096,1.0,0.0,,secondary_review_original_sources_required,secondary_source_traceback_required,Each record must be checked against its original primary publication before model-ready use.,exclude_pending_target_review
A106,148,Fe23.53Co23.53Ni23.53Cr23.53Pd5.88,[33],"J.Y. Law, V. Franco, Review on magnetocaloric high-entropy alloys: Design and analysis methods, J. Mater. Res. 38 (2023) 37–51. https://doi.org/10.1557/s43578-022-00712-0.",210.0,unknown,unknown,unknown,unspecified,none,,unverified,full_text_required,DG097,1.0,0.0,,secondary_review_original_sources_required,secondary_source_traceback_required,Each record must be checked against its original primary publication before model-ready use.,exclude_pending_target_review
A107,149,Fe25Co25Ni25(Mo0.2P0.4B0.4)25,[33],"J.Y. Law, V. Franco, Review on magnetocaloric high-entropy alloys: Design and analysis methods, J. Mater. Res. 38 (2023) 37–51. https://doi.org/10.1557/s43578-022-00712-0.",560.0,unknown,unknown,unknown,unspecified,none,,unverified,full_text_required,DG078,1.0,0.0,,secondary_review_original_sources_required,secondary_source_traceback_required,Each record must be checked against its original primary publication before model-ready use.,exclude_pending_target_review
A108,150,FeCoNi0.5Cr0.5Al1.5,[33],"J.Y. Law, V. Franco, Review on magnetocaloric high-entropy alloys: Design and analysis methods, J. Mater. Res. 38 (2023) 37–51. https://doi.org/10.1557/s43578-022-00712-0.",455.0,unknown,unknown,unknown,unspecified,none,,unverified,full_text_required,DG099,1.0,0.0,,secondary_review_original_sources_required,secondary_source_traceback_required,Each record must be checked against its original primary publication before model-ready use.,exclude_pending_target_review
A109,151,FeCoNi0.5Cr0.5Al,[33],"J.Y. Law, V. Franco, Review on magnetocaloric high-entropy alloys: Design and analysis methods, J. Mater. Res. 38 (2023) 37–51. https://doi.org/10.1557/s43578-022-00712-0.",685.0,unknown,unknown,unknown,unspecified,none,,unverified,full_text_required,DG100,2.0,0.0,,secondary_review_original_sources_required,secondary_source_traceback_required,Each record must be checked against its original primary publication before model-ready use.,exclude_pending_target_review
A110,152,Fe30.7Ni25.7Ga14.6Mn19Si10,[34],"K. Sarlar, A. Tekgül, N. Küçük, A.B. Etemoglu, Structural and magnetocaloric properties of FeNi high entropy alloys, Phys. Scr. 96 (2021). https://doi.org/10.1088/1402-4896/ac326d.",442.0,arc_melting+suction_casting,as_quenched,single_phase_bcc,suction_cast_sample,uploaded_full_text,"DOI 10.1088/1402-4896/ac326d, uploaded PDF pp. 1-4: The source assigns 442 K to as-quenched and 462 K to 500 K/1 h Ar annealing with slow cooling; both states are BCC.",confirmed,verified,DG101,2.0,20.0,The raw composition string omits state; thermal_state was restored from the source using the reported TC value.,record_states_restored,verified_as_reported,The source explicitly reports the tabulated value as a Curie or magnetic transition temperature consistent with the dataset label.,eligible_process_phase_extension
A111,153,Fe30.7Ni25.7Ga14.6Mn19Si10,[34],"K. Sarlar, A. Tekgül, N. Küçük, A.B. Etemoglu, Structural and magnetocaloric properties of FeNi high entropy alloys, Phys. Scr. 96 (2021). https://doi.org/10.1088/1402-4896/ac326d.",462.0,arc_melting+suction_casting,annealed_500K_1h_Ar_slow_cooled,single_phase_bcc,suction_cast_sample,uploaded_full_text,"DOI 10.1088/1402-4896/ac326d, uploaded PDF pp. 1-4: The source assigns 442 K to as-quenched and 462 K to 500 K/1 h Ar annealing with slow cooling; both states are BCC.",confirmed,verified,DG101,2.0,20.0,The raw composition string omits state; thermal_state was restored from the source using the reported TC value.,record_states_restored,verified_as_reported,The source explicitly reports the tabulated value as a Curie or magnetic transition temperature consistent with the dataset label.,eligible_process_phase_extension
A112,154,CoFeNi0.5Cr0.5-Alx (x = 0.0),[35],"A. Quintana-Nedelcos, Z. Leong, N.A. Morley, Study of dual-phase functionalisation of NiCoFeCr-Alx multicomponent alloys for the enhancement of magnetic properties and magneto-caloric effect, Mater. Today Energy 20 (2021). https://doi.org/10.1016/j.mtener.2020.100621.",270.0,arc_melting+casting+annealing+water_quenching,annealed_1423K_10h_Ar_water_quenched,single_phase_fcc,cast_rod,uploaded_full_text,"DOI-checked full text, XRD for Al0.0 (reference 35).",confirmed,verified,DG102,1.0,0.0,,composition_rule_required,target_value_conflict_review_required,"The source reports multiple magnetic transitions for Al-containing compositions; the dataset's 685 K value does not match the source table's 640/905 K pair for x=1.0, and transition selection requires review.",exclude_pending_target_review
A113,157,CoFeNi0.5Cr0.5-Alx (x = 1.0),[35],"A. Quintana-Nedelcos, Z. Leong, N.A. Morley, Study of dual-phase functionalisation of NiCoFeCr-Alx multicomponent alloys for the enhancement of magnetic properties and magneto-caloric effect, Mater. Today Energy 20 (2021). https://doi.org/10.1016/j.mtener.2020.100621.",685.0,unknown,unknown,dual_phase,unspecified,publication_title,dual-phase,candidate_only,full_text_required,DG100,2.0,0.0,,composition_rule_required,target_value_conflict_review_required,"The source reports multiple magnetic transitions for Al-containing compositions; the dataset's 685 K value does not match the source table's 640/905 K pair for x=1.0, and transition selection requires review.",exclude_pending_target_review
A114,160,CoFeNi0.5Cr0.5-Alx (x = 1.5),[35],"A. Quintana-Nedelcos, Z. Leong, N.A. Morley, Study of dual-phase functionalisation of NiCoFeCr-Alx multicomponent alloys for the enhancement of magnetic properties and magneto-caloric effect, Mater. Today Energy 20 (2021). https://doi.org/10.1016/j.mtener.2020.100621.",455.0,arc_melting+casting+annealing+water_quenching,annealed_1423K_10h_Ar_water_quenched,B2_matrix_plus_bcc_FeCr_precipitates,cast_rod,uploaded_full_text,"DOI-checked full text, XRD/TEM for Al1.5 (reference 35).",confirmed,verified,DG098,1.0,0.0,,composition_rule_required,target_value_conflict_review_required,"The source reports multiple magnetic transitions for Al-containing compositions; the dataset's 685 K value does not match the source table's 640/905 K pair for x=1.0, and transition selection requires review.",exclude_pending_target_review
A115,163,Mn20Al20Co14Fe20Cr26,[36],"Y. Zhang, P. Xu, J. Zhu, S. Yan, J. Zhang, L. Li, The emergence of considerable room temperature magnetocaloric performances in the transition metal high-entropy alloys, Materials Today Physics 32 (2023). https://doi.org/10.1016/j.mtphys.2023.101031.",268.0,arc_melting,as_cast,single_phase_bcc,ingot,uploaded_full_text,"DOI 10.1016/j.mtphys.2023.101031, uploaded PDF pp. 2: The alloy series was arc melted under Ar; XRD and microstructure analysis report a single BCC phase without observable secondary phases.",confirmed,verified,DG103,1.0,0.0,,all_records_direct,verified_as_reported,The source explicitly reports the tabulated value as a Curie or magnetic transition temperature consistent with the dataset label.,eligible_process_phase_extension
A116,164,Mn20Al20Co14Fe20Cr26,[36],"Y. Zhang, P. Xu, J. Zhu, S. Yan, J. Zhang, L. Li, The emergence of considerable room temperature magnetocaloric performances in the transition metal high-entropy alloys, Materials Today Physics 32 (2023). https://doi.org/10.1016/j.mtphys.2023.101031.",268.0,arc_melting,as_cast,single_phase_bcc,ingot,uploaded_full_text,"DOI 10.1016/j.mtphys.2023.101031, uploaded PDF pp. 2: The alloy series was arc melted under Ar; XRD and microstructure analysis report a single BCC phase without observable secondary phases.",confirmed,verified,DG104,1.0,0.0,,all_records_direct,verified_as_reported,The source explicitly reports the tabulated value as a Curie or magnetic transition temperature consistent with the dataset label.,eligible_process_phase_extension
A117,165,Mn20Al20Co14Fe21Cr25,[36],"Y. Zhang, P. Xu, J. Zhu, S. Yan, J. Zhang, L. Li, The emergence of considerable room temperature magnetocaloric performances in the transition metal high-entropy alloys, Materials Today Physics 32 (2023). https://doi.org/10.1016/j.mtphys.2023.101031.",280.0,arc_melting,as_cast,single_phase_bcc,ingot,uploaded_full_text,"DOI 10.1016/j.mtphys.2023.101031, uploaded PDF pp. 2: The alloy series was arc melted under Ar; XRD and microstructure analysis report a single BCC phase without observable secondary phases.",confirmed,verified,DG105,1.0,0.0,,all_records_direct,verified_as_reported,The source explicitly reports the tabulated value as a Curie or magnetic transition temperature consistent with the dataset label.,eligible_process_phase_extension
A118,166,Mn20Al20Co14Fe21Cr25,[36],"Y. Zhang, P. Xu, J. Zhu, S. Yan, J. Zhang, L. Li, The emergence of considerable room temperature magnetocaloric performances in the transition metal high-entropy alloys, Materials Today Physics 32 (2023). https://doi.org/10.1016/j.mtphys.2023.101031.",280.0,arc_melting,as_cast,single_phase_bcc,ingot,uploaded_full_text,"DOI 10.1016/j.mtphys.2023.101031, uploaded PDF pp. 2: The alloy series was arc melted under Ar; XRD and microstructure analysis report a single BCC phase without observable secondary phases.",confirmed,verified,DG106,1.0,0.0,,all_records_direct,verified_as_reported,The source explicitly reports the tabulated value as a Curie or magnetic transition temperature consistent with the dataset label.,eligible_process_phase_extension
A119,167,Mn20Al20Co14Fe22Cr24,[36],"Y. Zhang, P. Xu, J. Zhu, S. Yan, J. Zhang, L. Li, The emergence of considerable room temperature magnetocaloric performances in the transition metal high-entropy alloys, Materials Today Physics 32 (2023). https://doi.org/10.1016/j.mtphys.2023.101031.",300.0,arc_melting,as_cast,single_phase_bcc,ingot,uploaded_full_text,"DOI 10.1016/j.mtphys.2023.101031, uploaded PDF pp. 2: The alloy series was arc melted under Ar; XRD and microstructure analysis report a single BCC phase without observable secondary phases.",confirmed,verified,DG107,1.0,0.0,,all_records_direct,verified_as_reported,The source explicitly reports the tabulated value as a Curie or magnetic transition temperature consistent with the dataset label.,eligible_process_phase_extension
A120,168,Mn20Al20Co14Fe22Cr24,[36],"Y. Zhang, P. Xu, J. Zhu, S. Yan, J. Zhang, L. Li, The emergence of considerable room temperature magnetocaloric performances in the transition metal high-entropy alloys, Materials Today Physics 32 (2023). https://doi.org/10.1016/j.mtphys.2023.101031.",300.0,arc_melting,as_cast,single_phase_bcc,ingot,uploaded_full_text,"DOI 10.1016/j.mtphys.2023.101031, uploaded PDF pp. 2: The alloy series was arc melted under Ar; XRD and microstructure analysis report a single BCC phase without observable secondary phases.",confirmed,verified,DG108,1.0,0.0,,all_records_direct,verified_as_reported,The source explicitly reports the tabulated value as a Curie or magnetic transition temperature consistent with the dataset label.,eligible_process_phase_extension
A121,169,Mn20Al20Co14Fe23Cr23,[36],"Y. Zhang, P. Xu, J. Zhu, S. Yan, J. Zhang, L. Li, The emergence of considerable room temperature magnetocaloric performances in the transition metal high-entropy alloys, Materials Today Physics 32 (2023). https://doi.org/10.1016/j.mtphys.2023.101031.",310.0,arc_melting,as_cast,single_phase_bcc,ingot,uploaded_full_text,"DOI 10.1016/j.mtphys.2023.101031, uploaded PDF pp. 2: The alloy series was arc melted under Ar; XRD and microstructure analysis report a single BCC phase without observable secondary phases.",confirmed,verified,DG109,1.0,0.0,,all_records_direct,verified_as_reported,The source explicitly reports the tabulated value as a Curie or magnetic transition temperature consistent with the dataset label.,eligible_process_phase_extension
A122,170,Mn20Al20Co14Fe23Cr23,[36],"Y. Zhang, P. Xu, J. Zhu, S. Yan, J. Zhang, L. Li, The emergence of considerable room temperature magnetocaloric performances in the transition metal high-entropy alloys, Materials Today Physics 32 (2023). https://doi.org/10.1016/j.mtphys.2023.101031.",310.0,arc_melting,as_cast,single_phase_bcc,ingot,uploaded_full_text,"DOI 10.1016/j.mtphys.2023.101031, uploaded PDF pp. 2: The alloy series was arc melted under Ar; XRD and microstructure analysis report a single BCC phase without observable secondary phases.",confirmed,verified,DG110,1.0,0.0,,all_records_direct,verified_as_reported,The source explicitly reports the tabulated value as a Curie or magnetic transition temperature consistent with the dataset label.,eligible_process_phase_extension
A123,171,Mn20Cr14Ni33Ge25Si8,[37],"A. Tekgül, K. Sarlar, N. Küçük, A.B. Etemoǧlu, The structural, magnetic and magnetocaloric properties of MnCrNiGeSi high-entropy alloy, Phys. Scr. 97 (2022). https://doi.org/10.1088/1402-4896/ac77c6.",361.0,arc_melting,as_cast,single_phase_orthorhombic_pnma,ingot,uploaded_full_text,"DOI 10.1088/1402-4896/ac77c6, uploaded PDF pp. 2-3: The two approximately 3 g ingots were arc melted under Ar with at least six remelts; Rietveld analysis identifies the orthorhombic Pnma structure and Table 1 reports TC=361 and 387 K.",confirmed,verified,DG111,1.0,0.0,,all_records_direct,verified_as_reported,The source explicitly reports the tabulated value as a Curie or magnetic transition temperature consistent with the dataset label.,eligible_process_phase_extension
A124,172,Mn20Cr14Ni33Ge25Si8,[37],"A. Tekgül, K. Sarlar, N. Küçük, A.B. Etemoǧlu, The structural, magnetic and magnetocaloric properties of MnCrNiGeSi high-entropy alloy, Phys. Scr. 97 (2022). https://doi.org/10.1088/1402-4896/ac77c6.",361.0,arc_melting,as_cast,single_phase_orthorhombic_pnma,ingot,uploaded_full_text,"DOI 10.1088/1402-4896/ac77c6, uploaded PDF pp. 2-3: The two approximately 3 g ingots were arc melted under Ar with at least six remelts; Rietveld analysis identifies the orthorhombic Pnma structure and Table 1 reports TC=361 and 387 K.",confirmed,verified,DG112,1.0,0.0,,all_records_direct,verified_as_reported,The source explicitly reports the tabulated value as a Curie or magnetic transition temperature consistent with the dataset label.,eligible_process_phase_extension
A125,175,Mn24Cr10Ni33Ge25Si8,[37],"A. Tekgül, K. Sarlar, N. Küçük, A.B. Etemoǧlu, The structural, magnetic and magnetocaloric properties of MnCrNiGeSi high-entropy alloy, Phys. Scr. 97 (2022). https://doi.org/10.1088/1402-4896/ac77c6.",387.0,arc_melting,as_cast,single_phase_orthorhombic_pnma,ingot,uploaded_full_text,"DOI 10.1088/1402-4896/ac77c6, uploaded PDF pp. 2-3: The two approximately 3 g ingots were arc melted under Ar with at least six remelts; Rietveld analysis identifies the orthorhombic Pnma structure and Table 1 reports TC=361 and 387 K.",confirmed,verified,DG113,1.0,0.0,,all_records_direct,verified_as_reported,The source explicitly reports the tabulated value as a Curie or magnetic transition temperature consistent with the dataset label.,eligible_process_phase_extension
A126,176,Mn24Cr10Ni33Ge25Si8,[37],"A. Tekgül, K. Sarlar, N. Küçük, A.B. Etemoǧlu, The structural, magnetic and magnetocaloric properties of MnCrNiGeSi high-entropy alloy, Phys. Scr. 97 (2022). https://doi.org/10.1088/1402-4896/ac77c6.",387.0,arc_melting,as_cast,single_phase_orthorhombic_pnma,ingot,uploaded_full_text,"DOI 10.1088/1402-4896/ac77c6, uploaded PDF pp. 2-3: The two approximately 3 g ingots were arc melted under Ar with at least six remelts; Rietveld analysis identifies the orthorhombic Pnma structure and Table 1 reports TC=361 and 387 K.",confirmed,verified,DG114,1.0,0.0,,all_records_direct,verified_as_reported,The source explicitly reports the tabulated value as a Curie or magnetic transition temperature consistent with the dataset label.,eligible_process_phase_extension
A127,179,Al20Mn20Fe20Co14.5Cr25.5,[38],"Y. Zhang, J. Zhu, Z. Hao, W. Hao, Z. Mo, L. Li, Tunable magnetic phase transition and magnetocaloric effect in the rare-earth-free Al-Mn-Fe-Co-Cr high-entropy alloys, Mater. Des. 229 (2023). https://doi.org/10.1016/j.matdes.2023.111894.",282.8,arc_melting,as_cast,single_phase_bcc,ingot,uploaded_full_text,"DOI 10.1016/j.matdes.2023.111894, uploaded PDF pp. 2: The alloy series was synthesized by arc melting; room-temperature XRD reports a single-phase BCC structure.",confirmed,verified,DG115,1.0,0.0,,all_records_direct,verified_as_reported,The source explicitly reports the tabulated value as a Curie or magnetic transition temperature consistent with the dataset label.,eligible_process_phase_extension
A128,181,Al20Mn20Fe20Co15.5Cr24.5,[38],"Y. Zhang, J. Zhu, Z. Hao, W. Hao, Z. Mo, L. Li, Tunable magnetic phase transition and magnetocaloric effect in the rare-earth-free Al-Mn-Fe-Co-Cr high-entropy alloys, Mater. Des. 229 (2023). https://doi.org/10.1016/j.matdes.2023.111894.",313.7,arc_melting,as_cast,single_phase_bcc,ingot,uploaded_full_text,"DOI 10.1016/j.matdes.2023.111894, uploaded PDF pp. 2: The alloy series was synthesized by arc melting; room-temperature XRD reports a single-phase BCC structure.",confirmed,verified,DG116,1.0,0.0,,all_records_direct,verified_as_reported,The source explicitly reports the tabulated value as a Curie or magnetic transition temperature consistent with the dataset label.,eligible_process_phase_extension
A129,183,Al20Mn20Fe20Co16.5Cr23.5,[38],"Y. Zhang, J. Zhu, Z. Hao, W. Hao, Z. Mo, L. Li, Tunable magnetic phase transition and magnetocaloric effect in the rare-earth-free Al-Mn-Fe-Co-Cr high-entropy alloys, Mater. Des. 229 (2023). https://doi.org/10.1016/j.matdes.2023.111894.",345.8,arc_melting,as_cast,single_phase_bcc,ingot,uploaded_full_text,"DOI 10.1016/j.matdes.2023.111894, uploaded PDF pp. 2: The alloy series was synthesized by arc melting; room-temperature XRD reports a single-phase BCC structure.",confirmed,verified,DG117,1.0,0.0,,all_records_direct,verified_as_reported,The source explicitly reports the tabulated value as a Curie or magnetic transition temperature consistent with the dataset label.,eligible_process_phase_extension
A130,185,Dy27Er27Ni26Al20,[39],"L. Xue, L. Shao, Z. Li, Z. Han, B. Zhang, J. Huo, X. Wang, S. Zhu, B. Qian, J. Cheng, B. Shen, Utilization of high entropy in rare earth-based magnetocaloric metallic glasses, Journal of Materials Research and Technology 18 (2022) 5301–5311. https://doi.org/10.1016/j.jmrt.2022.05.022.",15.0,arc_melting+copper_mold_casting,as_cast,amorphous,bulk_metallic_glass,uploaded_full_text,"DOI 10.1016/j.jmrt.2022.05.022, uploaded PDF pp. 3-4: Master alloys were arc melted and copper-mould cast into BMG samples; XRD shows broad humps without sharp peaks, indicating amorphous structures.",confirmed,verified,DG118,1.0,0.0,,all_records_direct,verified_as_reported,The source explicitly reports the tabulated value as a Curie or magnetic transition temperature consistent with the dataset label.,eligible_process_phase_extension
A131,186,Dy18Er18Y18Ni26Al20,[39],"L. Xue, L. Shao, Z. Li, Z. Han, B. Zhang, J. Huo, X. Wang, S. Zhu, B. Qian, J. Cheng, B. Shen, Utilization of high entropy in rare earth-based magnetocaloric metallic glasses, Journal of Materials Research and Technology 18 (2022) 5301–5311. https://doi.org/10.1016/j.jmrt.2022.05.022.",10.0,arc_melting+copper_mold_casting,as_cast,amorphous,bulk_metallic_glass,uploaded_full_text,"DOI 10.1016/j.jmrt.2022.05.022, uploaded PDF pp. 3-4: Master alloys were arc melted and copper-mould cast into BMG samples; XRD shows broad humps without sharp peaks, indicating amorphous structures.",confirmed,verified,DG119,1.0,0.0,,all_records_direct,verified_as_reported,The source explicitly reports the tabulated value as a Curie or magnetic transition temperature consistent with the dataset label.,eligible_process_phase_extension
A132,187,Dy13.5Er13.5Y13.5Gd13.5Ni26Al20,[39],"L. Xue, L. Shao, Z. Li, Z. Han, B. Zhang, J. Huo, X. Wang, S. Zhu, B. Qian, J. Cheng, B. Shen, Utilization of high entropy in rare earth-based magnetocaloric metallic glasses, Journal of Materials Research and Technology 18 (2022) 5301–5311. https://doi.org/10.1016/j.jmrt.2022.05.022.",22.0,arc_melting+copper_mold_casting,as_cast,amorphous,bulk_metallic_glass,uploaded_full_text,"DOI 10.1016/j.jmrt.2022.05.022, uploaded PDF pp. 3-4: Master alloys were arc melted and copper-mould cast into BMG samples; XRD shows broad humps without sharp peaks, indicating amorphous structures.",confirmed,verified,DG120,1.0,0.0,,all_records_direct,verified_as_reported,The source explicitly reports the tabulated value as a Curie or magnetic transition temperature consistent with the dataset label.,eligible_process_phase_extension
A133,188,FeCoNiCr,[40],"D.D. Belyea, M.S. Lucas, E. Michel, J. Horwath, C.W. Miller, Tunable magnetocaloric effect in transition metal alloys, Sci. Rep. 5 (2015). https://doi.org/10.1038/srep15755.",103.0,unknown,unknown,unknown,unspecified,none,,unverified,full_text_required,DG059,2.0,10.0,,state_series_mapping_required,state_assignment_review_required,The source plots separate as-rolled and annealed TC series; the dataset values do not unambiguously identify which state was transcribed.,exclude_pending_target_review
A134,189,FeCoNiCrPd0.005,[40],"D.D. Belyea, M.S. Lucas, E. Michel, J. Horwath, C.W. Miller, Tunable magnetocaloric effect in transition metal alloys, Sci. Rep. 5 (2015). https://doi.org/10.1038/srep15755.",102.0,unknown,unknown,unknown,unspecified,none,,unverified,full_text_required,DG121,1.0,0.0,,state_series_mapping_required,state_assignment_review_required,The source plots separate as-rolled and annealed TC series; the dataset values do not unambiguously identify which state was transcribed.,exclude_pending_target_review
A135,190,FeCoNiCrPd0.03,[40],"D.D. Belyea, M.S. Lucas, E. Michel, J. Horwath, C.W. Miller, Tunable magnetocaloric effect in transition metal alloys, Sci. Rep. 5 (2015). https://doi.org/10.1038/srep15755.",121.0,unknown,unknown,unknown,unspecified,none,,unverified,full_text_required,DG122,1.0,0.0,,state_series_mapping_required,state_assignment_review_required,The source plots separate as-rolled and annealed TC series; the dataset values do not unambiguously identify which state was transcribed.,exclude_pending_target_review
A136,191,FeCoNiCrPd0.06,[40],"D.D. Belyea, M.S. Lucas, E. Michel, J. Horwath, C.W. Miller, Tunable magnetocaloric effect in transition metal alloys, Sci. Rep. 5 (2015). https://doi.org/10.1038/srep15755.",131.0,unknown,unknown,unknown,unspecified,none,,unverified,full_text_required,DG123,1.0,0.0,,state_series_mapping_required,state_assignment_review_required,The source plots separate as-rolled and annealed TC series; the dataset values do not unambiguously identify which state was transcribed.,exclude_pending_target_review
A137,192,FeCoNiCrPd0.12,[40],"D.D. Belyea, M.S. Lucas, E. Michel, J. Horwath, C.W. Miller, Tunable magnetocaloric effect in transition metal alloys, Sci. Rep. 5 (2015). https://doi.org/10.1038/srep15755.",160.0,unknown,unknown,unknown,unspecified,none,,unverified,full_text_required,DG124,1.0,0.0,,state_series_mapping_required,state_assignment_review_required,The source plots separate as-rolled and annealed TC series; the dataset values do not unambiguously identify which state was transcribed.,exclude_pending_target_review
A138,193,FeCoNiCrPd0.25,[40],"D.D. Belyea, M.S. Lucas, E. Michel, J. Horwath, C.W. Miller, Tunable magnetocaloric effect in transition metal alloys, Sci. Rep. 5 (2015). https://doi.org/10.1038/srep15755.",220.0,unknown,unknown,unknown,unspecified,none,,unverified,full_text_required,DG125,1.0,0.0,,state_series_mapping_required,state_assignment_review_required,The source plots separate as-rolled and annealed TC series; the dataset values do not unambiguously identify which state was transcribed.,exclude_pending_target_review
A139,194,FeCoNiCrPd0.50,[40],"D.D. Belyea, M.S. Lucas, E. Michel, J. Horwath, C.W. Miller, Tunable magnetocaloric effect in transition metal alloys, Sci. Rep. 5 (2015). https://doi.org/10.1038/srep15755.",292.0,unknown,unknown,unknown,unspecified,none,,unverified,full_text_required,DG126,1.0,0.0,,state_series_mapping_required,state_assignment_review_required,The source plots separate as-rolled and annealed TC series; the dataset values do not unambiguously identify which state was transcribed.,exclude_pending_target_review
A140,195,FeCoNiCrAl,[41],"S.M. Na, P.K. Lambert, H. Kim, J. Paglione, N.J. Jones, Thermomagnetic properties and magnetocaloric effect of FeCoNiCrAl-type high-entropy alloys, AIP Adv. 9 (2019). https://doi.org/10.1063/1.5079394.",290.0,arc_melting+annealing+furnace_cooling,annealed_800C_3h_furnace_cooled,dual_phase_bcc_fcc,ingot_disc,uploaded_full_text,"DOI 10.1063/1.5079394, uploaded PDF pp. 2-5: Arc-melted ingots were annealed at 800 C for 3 h and furnace cooled for the magnetocaloric comparison; both selected compositions contain BCC and FCC phases.",confirmed,verified,DG127,1.0,0.0,,all_records_direct,target_semantics_review_required,"The dataset values 290 and 150 K are the source's peak magnetic-entropy-change temperatures/transition features, not uniformly established Curie temperatures.",exclude_pending_target_review
A141,196,FeCoNi1.5Cr0.5Al,[41],"S.M. Na, P.K. Lambert, H. Kim, J. Paglione, N.J. Jones, Thermomagnetic properties and magnetocaloric effect of FeCoNiCrAl-type high-entropy alloys, AIP Adv. 9 (2019). https://doi.org/10.1063/1.5079394.",150.0,arc_melting+annealing+furnace_cooling,annealed_800C_3h_furnace_cooled,dual_phase_bcc_fcc,ingot_disc,uploaded_full_text,"DOI 10.1063/1.5079394, uploaded PDF pp. 2-5: Arc-melted ingots were annealed at 800 C for 3 h and furnace cooled for the magnetocaloric comparison; both selected compositions contain BCC and FCC phases.",confirmed,verified,DG128,1.0,0.0,,all_records_direct,target_semantics_review_required,"The dataset values 290 and 150 K are the source's peak magnetic-entropy-change temperatures/transition features, not uniformly established Curie temperatures.",exclude_pending_target_review
A142,197,AlxCr0.2MnFe0.5Co0.3Ni0.5(x=0.3),[42],"S. Huang, Z. Dong, E. Dastanpour, V. Ström, G. Chai, L.K. Varga, O. Eriksson, L. Vitos, Vibrational entropy-enhanced magnetocaloric effect in Mn-rich high-entropy alloys, Appl. Phys. Lett. 119 (2021). https://doi.org/10.1063/5.0064308.",380.0,unknown,unknown,unknown,unspecified,none,,unverified,full_text_required,DG129,1.0,0.0,,figure_transcription_required,verified_as_reported,The source explicitly reports the tabulated value as a Curie or magnetic transition temperature consistent with the dataset label.,exclude_unverified_process_phase
A143,198,AlxCr0.2MnFe0.5Co0.3Ni0.5(x=0.35),[42],"S. Huang, Z. Dong, E. Dastanpour, V. Ström, G. Chai, L.K. Varga, O. Eriksson, L. Vitos, Vibrational entropy-enhanced magnetocaloric effect in Mn-rich high-entropy alloys, Appl. Phys. Lett. 119 (2021). https://doi.org/10.1063/5.0064308.",378.0,unknown,unknown,unknown,unspecified,none,,unverified,full_text_required,DG130,1.0,0.0,,figure_transcription_required,verified_as_reported,The source explicitly reports the tabulated value as a Curie or magnetic transition temperature consistent with the dataset label.,exclude_unverified_process_phase
A144,199,AlxCr0.2MnFe0.5Co0.3Ni0.5(x=0.6),[42],"S. Huang, Z. Dong, E. Dastanpour, V. Ström, G. Chai, L.K. Varga, O. Eriksson, L. Vitos, Vibrational entropy-enhanced magnetocaloric effect in Mn-rich high-entropy alloys, Appl. Phys. Lett. 119 (2021). https://doi.org/10.1063/5.0064308.",385.0,unknown,unknown,unknown,unspecified,none,,unverified,full_text_required,DG131,1.0,0.0,,figure_transcription_required,verified_as_reported,The source explicitly reports the tabulated value as a Curie or magnetic transition temperature consistent with the dataset label.,exclude_unverified_process_phase
A145,200,AlxCr0.2MnFe0.5Co0.3Ni0.5(x=0.65),[42],"S. Huang, Z. Dong, E. Dastanpour, V. Ström, G. Chai, L.K. Varga, O. Eriksson, L. Vitos, Vibrational entropy-enhanced magnetocaloric effect in Mn-rich high-entropy alloys, Appl. Phys. Lett. 119 (2021). https://doi.org/10.1063/5.0064308.",370.0,unknown,unknown,unknown,unspecified,none,,unverified,full_text_required,DG132,1.0,0.0,,figure_transcription_required,verified_as_reported,The source explicitly reports the tabulated value as a Curie or magnetic transition temperature consistent with the dataset label.,exclude_unverified_process_phase
